번호,시도명,시군구명,시설명,소재지도로명주소,소재지지번주소,시설유형,위험시설지정고시번호,위험시설지정일자,위험시설지정사유,위험시설해제일자,위도,경도,연장,폭,시설부속물,관리기관전화번호,관리기관명,데이터기준일자,제공기관코드,제공기관명
105,강원도,동해시,영단 6낙차공,,강원도 동해시 심곡동 673-2,낙차공,2016-133,2016-12-30,,,37.58050121,129.0757982,,,,,강원도 동해시,2019-09-16,4210000,강원도 동해시
106,강원도,동해시,영단 7낙차공,,강원도 동해시 심곡동 산55,낙차공,2016-133,2016-12-30,,,37.57956351,129.074879,,,,,강원도 동해시,2019-09-16,4210000,강원도 동해시
107,강원도,동해시,영단 8낙차공,,강원도 동해시 심곡동 396-1,낙차공,2016-133,2016-12-30,,,37.581649,129.0743203,,,,,강원도 동해시,2019-09-16,4210000,강원도 동해시
108,강원도,동해시,대구 1낙차공,,강원도 동해시 추암동 658-2,낙차공,2016-133,2016-12-30,,,37.46776754,129.1470253,,,,,강원도 동해시,2019-09-16,4210000,강원도 동해시
109,강원도,동해시,대구 2낙차공,,강원도 동해시 대구동 476-5,낙차공,2016-133,2016-12-30,,,37.46765108,129.1460287,,,,,강원도 동해시,2019-09-16,4210000,강원도 동해시
110,강원도,태백시,금천 정가네,,강원도 태백시 금천동 171-8,세천,,1900-01-01,세천,1900-01-01,37.088859,128.971232,50,2,,033-550-3903,태백시청 건설교통과,2019-06-17,4220000,강원도 태백시
111,강원도,태백시,금천농원,,강원도 태백시 금천동 145,세천,,1900-01-01,세천,1900-01-01,37.088247,128.974825,100,2,,033-550-3903,태백시청 건설교통과,2019-06-17,4220000,강원도 태백시
112,강원도,태백시,산신암,강원도 태백시 태백산로 4936-19,강원도 태백시 소도동 10-79,세천,,1900-01-01,세천,1900-01-01,37.1361601,128.9780966,300,1,,033-550-3022,태백시청 안전총괄과,2019-06-17,4220000,강원도 태백시
113,강원도,태백시,철암케어센터,,강원도 태백시 철암동324-21,농로,,1900-01-01,농로,1900-01-01,37.123161,129.046410,2100,3,,033-550-3903,태백시청 건설교통과,2019-06-17,4220000,강원도 태백시
114,강원도,태백시,통동 군부대,,강원도 태백시 통동 45,농로,,1900-01-01,농로,1900-01-01,37.164808,129.028140,2100,3,,033-550-3903,태백시청 건설교통과,2019-06-17,4220000,강원도 태백시
115,강원도,태백시,큰적각,,강원도 태백시 적각동137-32,농로,,1900-01-01,농로,1900-01-01,37.219837,128.989605,2100,3,,033-550-3903,태백시청 건설교통과,2019-06-17,4220000,강원도 태백시
116,강원도,태백시,작은적각,,강원도 태백시 적각동 산78-36,농로,,1900-01-01,농로,1900-01-01,37.218478,128.996493,3400,3,,033-550-3903,태백시청 건설교통과,2019-06-17,4220000,강원도 태백시
117,강원도,태백시,창죽분교,강원도 태백시 백두대간로 783-20,강원도 태백시 창죽동 9-247,농로,,1900-01-01,농로,1900-01-01,37.2424883,128.9817029,2000,3,,033-550-3903,태백시청 건설교통과,2019-06-17,4220000,강원도 태백시
118,강원도,태백시,상사미지구,,강원도 태백시 상사미동 62-1,농로,,1900-01-01,농로,1900-01-01,37.261570,128.997768,2800,3,,033-550-3903,태백시청 건설교통과,2019-06-17,4220000,강원도 태백시
119,강원도,태백시,사조보건소,,강원도 태백시 상사미동 399-4,농로,,1900-01-01,농로,1900-01-01,37.277546,128.991502,1900,3,,033-550-3903,태백시청 건설교통과,2019-06-17,4220000,강원도 태백시
120,강원도,태백시,사조보건소 화물앞,,강원도 태백시 상사미동236-6,농로,,1900-01-01,농로,1900-01-01,37.276744,128.990276,860,3,,033-550-3903,태백시청 건설교통과,2019-06-17,4220000,강원도 태백시
121,강원도,태백시,금천관광농원뒤 농로,,강원도 태백시 금천동171-32,농로,,1900-01-01,농로,1900-01-01,37.088218,128.971647,445,2,,033-550-3903,태백시청 건설교통과,2019-06-17,4220000,강원도 태백시
122,강원도,태백시,혈동 108,,강원도 태백시 혈동 108,세천,,1900-01-01,세천,1900-01-01,37.125701,128.911714,550,2,,033-550-3903,태백시청 건설교통과,2019-06-17,4220000,강원도 태백시
123,강원도,태백시,상사미 절골,,강원도 태백시 상사미동304-1,농로,,1900-01-01,농로,1900-01-01,37.287557,128.991737,1400,3,,033-550-3903,태백시청 건설교통과,2019-06-17,4220000,강원도 태백시
124,강원도,태백시,예수원,,강원도 태백시 하사미동161-6,농로,,1900-01-01,농로,1900-01-01,37.304228,128.994511,940,3,,033-550-3903,태백시청 건설교통과,2019-06-17,4220000,강원도 태백시
125,강원도,태백시,유정산업 앞,,강원도 태백시 하사미동 13,농로,,1900-01-01,농로,1900-01-01,37.305136,129.003229,700,3,,033-550-3903,태백시청 건설교통과,2019-06-17,4220000,강원도 태백시
126,강원도,태백시,천포,,강원도 태백시 하사미동280-5,농로,,1900-01-01,농로,1900-01-01,37.304358,128.994674,1100,3,,033-550-3903,태백시청 건설교통과,2019-06-17,4220000,강원도 태백시
127,강원도,태백시,원동1,,강원도 태백시 원동 177,농로,,1900-01-01,농로,1900-01-01,37.261632,128.951542,1200,2,,033-550-3903,태백시청 건설교통과,2019-06-17,4220000,강원도 태백시
128,강원도,태백시,원동2,,강원도 태백시 원동 75-1,농로,,1900-01-01,농로,1900-01-01,37.264950,128.958426,1140,3,,033-550-3903,태백시청 건설교통과,2019-06-17,4220000,강원도 태백시
129,강원도,태백시,원동3,,강원도 태백시 원동 76-1,농로,,1900-01-01,농로,1900-01-01,37.2649524,128.959396,950,3,,033-550-3903,태백시청 건설교통과,2019-06-17,4220000,강원도 태백시
130,강원도,태백시,가리골,,강원도 태백시 화전동165-9,농로,,1900-01-01,농로,1900-01-01,37.203223,128.954485,3940,3,,033-550-3903,태백시청 건설교통과,2019-06-17,4220000,강원도 태백시
131,강원도,태백시,조탄농로,,강원도 태백시 조탄동 66-1,농로,,1900-01-01,농로,1900-01-01,37.326028,128.970303,2240,3,,033-550-3903,태백시청 건설교통과,2019-06-17,4220000,강원도 태백시
132,강원도,태백시,귀네미,강원도 태백시 귀네미1길 2,강원도 태백시 하사미동524-121,농로,,1900-01-01,농로,1900-01-01,37.3338140,129.0033670,8870,3,,033-550-3903,태백시청 건설교통과,2019-06-17,4220000,강원도 태백시
133,강원도,태백시,매봉산,,강원도 태백시 창죽동 9-176,농로,,1900-01-01,농로,1900-01-01,37.236345,128.958911,8370,3,,033-550-3903,태백시청 건설교통과,2019-06-17,4220000,강원도 태백시
134,강원도,태백시,화전제2개간지 농로,강원도 태백시 매닙재2길 7,강원도 태백시 화전동104-21,농로,,1900-01-01,농로,1900-01-01,37.1911871,128.961872,2700,3,,033-550-3903,태백시청 건설교통과,2019-06-17,4220000,강원도 태백시
135,강원도,태백시,유일사지구 농로,,강원도 태백시 금천동 162,농로,,1900-01-01,농로,1900-01-01,37.090553,128.968965,1000,3,,033-550-3903,태백시청 건설교통과,2019-06-17,4220000,강원도 태백시
136,강원도,태백시,금천 46-1 농로,,강원도 태백시 금천동 47-1,농로,,1900-01-01,농로,1900-01-01,37.088763,128.984210,630,2,,033-550-3903,태백시청 건설교통과,2019-06-17,4220000,강원도 태백시
137,강원도,태백시,금천약초농장앞 농로,,강원도 태백시 금천동127-1,농로,,1900-01-01,농로,1900-01-01,37.085604,128.977657,600,2,,033-550-3903,태백시청 건설교통과,2019-06-17,4220000,강원도 태백시
138,강원도,태백시,금천 창고 앞 농로,,강원도 태백시 금천동146-1,농로,,1900-01-01,농로,1900-01-01,37.089187,128.973281,500,1,농기계창고,033-550-3903,태백시청 건설교통과,2019-06-17,4220000,강원도 태백시
139,강원도,태백시,금천정가네뒤 농로,,강원도 태백시 금천동171-8,농로,,1900-01-01,농로,1900-01-01,37.088885,128.971191,620,2,,033-550-3903,태백시청 건설교통과,2019-06-17,4220000,강원도 태백시
140,강원도,삼척시,애향교,,강원도 삼척시 미로면 고천리 504,소교량,삼척시 고시 제2017?1호,2017-01-02,,,37.417886,129.0619118944,12,8,,033-570-3886,강원도 삼척시청,2019-05-23,4240000,강원도 삼척시
141,강원도,삼척시,점리6교,,강원도 삼척시 도계읍 늑구리 산218-1,소교량,삼척시 고시 제2017?1호,2017-01-02,,,37.253624,129.040329,11,5,,033-570-3886,강원도 삼척시청,2019-05-23,4240000,강원도 삼척시
142,강원도,삼척시,공전교,,강원도 삼척시 하장면 공전리 106,소교량,삼척시 고시 제2017?1호,2017-01-02,,,37.352606,128.8494514370,13,5,,033-570-3886,강원도 삼척시청,2019-05-23,4240000,강원도 삼척시
143,강원도,삼척시,교곡2리,,강원도 삼척시 근덕면 교곡리 195,농로,삼척시 고시 제2017?1호,2017-01-02,,,37.3650813497,129.2117669211,600,3,,033-570-3886,강원도 삼척시청,2019-05-23,4240000,강원도 삼척시
144,강원도,삼척시,부남2리,,강원도 삼척시 근덕면 부남리 134-5,세천,삼척시 고시 제2017?1호,2017-01-02,,,37.357739,129.248713,240,2,,033-570-3886,강원도 삼척시청,2019-05-23,4240000,강원도 삼척시
145,강원도,삼척시,농공단지교,,강원도 삼척시 도계읍 늑구리 571,소교량,삼척시 고시 제2017?1호,2017-01-02,,,37.2707718,129.0637931700,54,9,,033-570-3886,강원도 삼척시청,2019-05-23,4240000,강원도 삼척시
146,강원도,삼척시,신방터세천,,강원도 삼척시 도계읍 상덕리287,세천,삼척시 고시 제2017?1호,2017-01-02,,,37.2192275693,129.062825,100,3,,033-570-3886,강원도 삼척시청,2019-05-23,4240000,강원도 삼척시
147,강원도,삼척시,전두소교량,,강원도 삼척시 도계읍 전두리98-3,소교량,삼척시 고시 제2017?1호,2017-01-02,,,37.2282784560,129.0415393702,19,4,,033-570-3886,강원도 삼척시청,2019-05-23,4240000,강원도 삼척시
148,강원도,삼척시,둔지교,,강원도 삼척시 도계읍 신리202,소교량,삼척시 고시 제2017?1호,2017-01-02,,,37.1830109697,129.1347472,12,6,,033-570-3886,강원도 삼척시청,2019-05-23,4240000,강원도 삼척시
149,강원도,삼척시,우지1교,,강원도 삼척시 우지동10-1,소교량,삼척시 고시 제2017?1호,2017-01-02,,,37.4621428,129.1540462,8,6,,033-570-3886,강원도 삼척시청,2019-05-23,4240000,강원도 삼척시
150,강원도,삼척시,동덕교,,강원도 삼척시 도계읍 상덕리89-1,소교량,삼척시 고시 제2017?1호,2017-01-02,,,37.2078971263,129.0784358633,10,6,,033-570-3886,강원도 삼척시청,2019-05-23,4240000,강원도 삼척시
151,강원도,삼척시,오분구교,,강원도 삼척시 오분동69-5,소교량,삼척시 고시 제2017?1호,2017-01-02,,,37.4252085359,129.187866,11,9,,033-570-3886,강원도 삼척시청,2019-05-23,4240000,강원도 삼척시
152,강원도,삼척시,하정길1,,강원도 삼척시 미로면 하정리185-6,마을진입로,삼척시 고시 제2017?1호,2017-01-02,,,37.3873018164,129.108239,50,5,,033-570-3886,강원도 삼척시청,2019-05-23,4240000,강원도 삼척시
153,강원도,삼척시,상마읍2교,,강원도 삼척시 노곡면 중마읍리167,소교량,삼척시 고시 제2017?1호,2017-01-02,,,37.2577385551,129.1738930544,30,6,,033-570-3886,강원도 삼척시청,2019-05-23,4240000,강원도 삼척시
154,강원도,삼척시,대평교,,강원도 삼척시 근덕면 동막리1589,소교량,삼척시 고시 제2017?1호,2017-01-02,,,37.309155,129.196278,63,5,,033-570-3886,강원도 삼척시청,2019-05-23,4240000,강원도 삼척시
155,강원도,삼척시,구사1교,,강원도 삼척시 도계읍 구사리203,소교량,삼척시 고시 제2017?1호,2017-01-02,,,37.1823707551,129.0669897632,10,5,,033-570-3886,강원도 삼척시청,2019-05-23,4240000,강원도 삼척시
156,강원도,삼척시,삼거리무명1,,강원도 삼척시 미로면 삼거리176-4,소교량,삼척시 고시 제2017?1호,2017-01-02,,,37.4091869653,129.0668056594,19,6,,033-570-3886,강원도 삼척시청,2019-05-23,4240000,강원도 삼척시
157,강원도,삼척시,추동소농로,,강원도 삼척시 하장면 추동리159-2,농로,삼척시 고시 제2017?1호,2017-01-02,,,37.327035,128.8932634032,100,3,,033-570-3886,강원도 삼척시청,2019-05-23,4240000,강원도 삼척시
158,강원도,삼척시,빙동천4,,강원도 삼척시 가곡면 동활리119-1,세천,삼척시 고시 제2017?1호,2017-01-02,,,37.141738,129.1483391560,50,4,,033-570-3886,강원도 삼척시청,2019-05-23,4240000,강원도 삼척시
159,강원도,삼척시,무명서하교,,강원도 삼척시 신기면 서하리123,소교량,삼척시 고시 제2017?1호,2017-01-02,,,37.3474079070,129.064241,20,6,,033-570-3886,강원도 삼척시청,2019-05-23,4240000,강원도 삼척시
160,강원도,삼척시,고천무명2,,강원도 삼척시 미로면 고천리185-2,소교량,삼척시 고시 제2017?1호,2017-01-02,,,37.4182643805,129.0672038924,14,4,,033-570-3886,강원도 삼척시청,2019-05-23,4240000,강원도 삼척시
161,강원도,삼척시,신기파크교,,강원도 삼척시 신기면 대이리88,소교량,삼척시 고시 제2017?1호,2017-01-02,,,37.3308647988,129.0394056,21,7,,033-570-3886,강원도 삼척시청,2019-05-23,4240000,강원도 삼척시
162,강원도,삼척시,교곡2교,,강원도 삼척시 근덕면 교곡리113,소교량,삼척시 고시 제2017?1호,2017-01-02,,,37.3576153959,129.2096574383,10,5,,033-570-3886,강원도 삼척시청,2019-05-23,4240000,강원도 삼척시
163,강원도,삼척시,도마평교,,강원도 삼척시 미로면 하거노리694-5,소교량,삼척시 고시 제2017?1호,2017-01-02,,,37.4150906239,129.0824096072,38,5,,033-570-3886,강원도 삼척시청,2019-05-23,4240000,강원도 삼척시
164,강원도,삼척시,무명교,,강원도 삼척시 미로면 고천리463,소교량,삼척시 고시 제2017?1호,2017-01-02,,,37.4170107930,129.0610554495,9,7,,033-570-3886,강원도 삼척시청,2019-05-23,4240000,강원도 삼척시
1,강원도,춘천시,백석골길 마을진입로,,강원도 춘천시 퇴계동 584-11,마을진입로,제2017-108호,2017-03-16,안전등급 불량,,37.8543307911,127.7209520802,510,6,,033-250-4236,강원도 춘천시청,2019-08-02,4180000,강원도 춘천시
2,강원도,춘천시,베일골 소교량,,강원도 춘천시 서면 당림리 555,소교량,제2017-27호,2017-01-19,안전등급 불량,,37.8341321359,127.6208062163,20,5,,033-250-4236,강원도 춘천시청,2019-08-02,4180000,강원도 춘천시
3,강원도,춘천시,정족1길 마을진입로,,강원도 춘천시 신동면 정족리 374-3,마을진입로,제2017-27호,2017-01-19,안전등급 불량,,37.8313687422,127.7340827420,1200,7,,033-250-4097,강원도 춘천시청,2019-08-02,4180000,강원도 춘천시
4,강원도,강릉시,집너머교,강원도 강릉시 연곡면 외동길 111,강원도 강릉시 연곡면 삼산리 산326,소교량,강릉시 2017-12호,2017-01-12,소규모 위험시설정비 중기계획 명세서,,37.8266512607,128.7002876556,5,3,-,033-660-3692,강릉시 연곡면사무소,2019-09-20,4200000,강원도 강릉시
5,강원도,강릉시,청학소교,강원도 강릉시 연곡면 외동길 79,강원도 강릉시 연곡면 삼산리 1424,소교량,강릉시 2017-12호,2017-01-12,소규모 위험시설정비 중기계획 명세서,,37.827962,128.7033667673,5,3,-,033-660-3692,강릉시 연곡면사무소,2019-09-20,4200000,강원도 강릉시
6,강원도,강릉시,참샘교,강원도 강릉시 주문진읍 향호리 1523,강원도 강릉시 주문진읍 향호리 1523,소교량,강릉시 2017-12호,2017-01-12,소규모 위험시설정비 중기계획 명세서,,37.909848,128.7948671880,9,5,-,033-660-3441,강릉시 주문진읍사무소,2019-09-20,4200000,강원도 강릉시
7,강원도,강릉시,산북교,강원도 강릉시 성산면 산북리 516,강원도 강릉시 성산면 산북리 516,소교량,강릉시 2017-12호,2017-01-12,소규모 위험시설정비 중기계획 명세서,,37.7032554,128.8388757890,10,5,-,033-660-3525,강릉시 성산면사무소,2019-09-20,4200000,강원도 강릉시
8,강원도,동해시,무릉2교,,강원도 동해시 삼화동 산180-5,소교량,2016-133,2016-12-30,,,37.46992056,129.0390961,,,,,강원도 동해시,2019-09-16,4210000,강원도 동해시
9,강원도,동해시,윗골천 1교,,강원도 동해시 망상동 398-3,소교량,2016-133,2016-12-30,,,37.59443741,129.082012,,,,,강원도 동해시,2019-09-16,4210000,강원도 동해시
10,강원도,동해시,귀운천 8교,,강원도 동해시 귀운동 300-71,소교량,2016-133,2016-12-30,,,37.47440354,129.0963309,,,,,강원도 동해시,2019-09-16,4210000,강원도 동해시
11,강원도,동해시,귀운천 13교,,강원도 동해시 귀운동 산12,소교량,2016-133,2016-12-30,,,37.47042047,129.0973466,,,,,강원도 동해시,2019-09-16,4210000,강원도 동해시
12,강원도,동해시,귀운천 15교,,강원도 동해시 귀운동 229,소교량,2016-133,2016-12-30,,,37.46872791,129.0962253,,,,,강원도 동해시,2019-09-16,4210000,강원도 동해시
13,강원도,동해시,귀운천 17교,,강원도 동해시 귀운동 225,소교량,2016-133,2016-12-30,,,37.46737495,129.0954028,,,,,강원도 동해시,2019-09-16,4210000,강원도 동해시
14,강원도,동해시,귀운천 20교,,강원도 동해시 귀운동 255,소교량,2016-133,2016-12-30,,,37.46426135,129.090101,,,,,강원도 동해시,2019-09-16,4210000,강원도 동해시
15,강원도,동해시,분토천 2교,,강원도 동해시 효가동 318-4,소교량,2016-133,2016-12-30,,,37.49853735,129.1113408,,,,,강원도 동해시,2019-09-16,4210000,강원도 동해시
16,강원도,동해시,달방천 3교,,강원도 동해시 달방동 158,소교량,2016-133,2016-12-30,,,37.50482452,129.0187581,,,,,강원도 동해시,2019-09-16,4210000,강원도 동해시
17,강원도,동해시,터일길,,강원도 동해시 망상동 409-15,마을진입로,2016-133,2016-12-30,,,37.5955749,129.0788238,,,,,강원도 동해시,2019-09-16,4210000,강원도 동해시
18,강원도,동해시,매밀길,,강원도 동해시 심곡동 524,마을진입로,2016-133,2016-12-30,,,37.58427575,129.0915678,,,,,강원도 동해시,2019-09-16,4210000,강원도 동해시
19,강원도,동해시,신계길,,강원도 동해시 만우동 243-1,마을진입로,2016-133,2016-12-30,,,37.5577363,129.0723579,,,,,강원도 동해시,2019-09-16,4210000,강원도 동해시
20,강원도,동해시,지양천보,,강원도 동해시 지흥동 402-1,취입보,2016-133,2016-12-30,,,37.50026906,129.0947755,,,,,강원도 동해시,2019-09-16,4210000,강원도 동해시
21,강원도,동해시,사뭇재골천보,,강원도 동해시 초구동 1-1,취입보,2016-133,2016-12-30,,,37.57628776,129.0969417,,,,,강원도 동해시,2019-09-16,4210000,강원도 동해시
22,강원도,동해시,금단천1보,,강원도 동해시 괴란동 435,취입보,2016-133,2016-12-30,,,37.57201338,129.0678762,,,,,강원도 동해시,2019-09-16,4210000,강원도 동해시
23,강원도,동해시,윗골천 2교,,강원도 동해시 망상동 599,소교량,2016-133,2016-12-30,,,37.58857393,129.0925139,,,,,강원도 동해시,2019-09-16,4210000,강원도 동해시
24,강원도,동해시,윗골천 3교,,강원도 동해시 망상동 626,소교량,2016-133,2016-12-30,,,37.58749891,129.0889202,,,,,강원도 동해시,2019-09-16,4210000,강원도 동해시
25,강원도,동해시,윗골천 4교,,강원도 동해시 망상동 281-37,소교량,2016-133,2016-12-30,,,37.58721356,129.0856664,,,,,강원도 동해시,2019-09-16,4210000,강원도 동해시
26,강원도,동해시,윗골천 5교,,강원도 동해시 망상동 256,소교량,2016-133,2016-12-30,,,37.58681824,129.0865212,,,,,강원도 동해시,2019-09-16,4210000,강원도 동해시
27,강원도,동해시,심곡천 2교,,강원도 동해시 심곡동 354,소교량,2016-133,2016-12-30,,,37.5821986,129.0807101,,,,,강원도 동해시,2019-09-16,4210000,강원도 동해시
28,강원도,동해시,영단천 2교,,강원도 동해시 심곡동 670-6,소교량,2016-133,2016-12-30,,,37.57861025,129.085496,,,,,강원도 동해시,2019-09-16,4210000,강원도 동해시
29,강원도,동해시,영단천 4교,,강원도 동해시 심곡동 282,소교량,2016-133,2016-12-30,,,37.57982346,129.0809397,,,,,강원도 동해시,2019-09-16,4210000,강원도 동해시
30,강원도,동해시,영단천 5교,,강원도 동해시 심곡동 461-2,소교량,2016-133,2016-12-30,,,37.58085505,129.0755316,,,,,강원도 동해시,2019-09-16,4210000,강원도 동해시
31,강원도,동해시,초구천 6교,,강원도 동해시 초구동 408-23,소교량,2016-133,2016-12-30,,,37.57199304,129.0888186,,,,,강원도 동해시,2019-09-16,4210000,강원도 동해시
32,강원도,동해시,초구천 7교,,강원도 동해시 초구동 225,소교량,2016-133,2016-12-30,,,37.5715759,129.0891068,,,,,강원도 동해시,2019-09-16,4210000,강원도 동해시
33,강원도,동해시,초구천 8교,,강원도 동해시 초구동 224-1,소교량,2016-133,2016-12-30,,,37.57075847,129.0888345,,,,,강원도 동해시,2019-09-16,4210000,강원도 동해시
34,강원도,동해시,괴란천 1교,,강원도 동해시 괴란동 393,소교량,2016-133,2016-12-30,,,37.57412204,129.068846,,,,,강원도 동해시,2019-09-16,4210000,강원도 동해시
35,강원도,동해시,괴란천 2교,,강원도 동해시 괴란동 434,소교량,2016-133,2016-12-30,,,37.57171475,129.0680191,,,,,강원도 동해시,2019-09-16,4210000,강원도 동해시
36,강원도,동해시,괴란천 4교,,강원도 동해시 괴란동 191,소교량,2016-133,2016-12-30,,,37.57217768,129.063656,,,,,강원도 동해시,2019-09-16,4210000,강원도 동해시
37,강원도,동해시,괴란천 5교,,강원도 동해시 괴란동 183-1,소교량,2016-133,2016-12-30,,,37.57270657,129.060958,,,,,강원도 동해시,2019-09-16,4210000,강원도 동해시
38,강원도,동해시,괴란천 6교,,강원도 동해시 괴란동 162,소교량,2016-133,2016-12-30,,,37.5725075,129.0600495,,,,,강원도 동해시,2019-09-16,4210000,강원도 동해시
39,강원도,동해시,괴란천 7교,,강원도 동해시 괴란동 379-7,소교량,2016-133,2016-12-30,,,37.57118666,129.0636419,,,,,강원도 동해시,2019-09-16,4210000,강원도 동해시
40,강원도,동해시,괴란천 8교,,강원도 동해시 괴란동 379-4,소교량,2016-133,2016-12-30,,,37.57109933,129.063335,,,,,강원도 동해시,2019-09-16,4210000,강원도 동해시
41,강원도,동해시,괴란천 9교,,강원도 동해시 괴란동 396-4,소교량,2016-133,2016-12-30,,,37.57080988,129.0624593,,,,,강원도 동해시,2019-09-16,4210000,강원도 동해시
42,강원도,동해시,금단천 2교,,강원도 동해시 괴란동 238,소교량,2016-133,2016-12-30,,,37.57549873,129.0650732,,,,,강원도 동해시,2019-09-16,4210000,강원도 동해시
43,강원도,동해시,금단천 3교,,강원도 동해시 괴란동 241,소교량,2016-133,2016-12-30,,,37.57592676,129.0645698,,,,,강원도 동해시,2019-09-16,4210000,강원도 동해시
44,강원도,동해시,금단천 5교,,강원도 동해시 괴란동 262-2,소교량,2016-133,2016-12-30,,,37.57791319,129.0651076,,,,,강원도 동해시,2019-09-16,4210000,강원도 동해시
45,강원도,동해시,금단천 7교,,강원도 동해시 괴란동 산24,소교량,2016-133,2016-12-30,,,37.57973623,129.0657789,,,,,강원도 동해시,2019-09-16,4210000,강원도 동해시
46,강원도,동해시,두암천 2교,,강원도 동해시 괴란동 61,소교량,2016-133,2016-12-30,,,37.56928472,129.0677127,,,,,강원도 동해시,2019-09-16,4210000,강원도 동해시
47,강원도,동해시,두암천 6교,,강원도 동해시 괴란동 198-1,소교량,2016-133,2016-12-30,,,37.57122186,129.0625462,,,,,강원도 동해시,2019-09-16,4210000,강원도 동해시
48,강원도,동해시,사뭇재골천 4교,,강원도 동해시 초구동 399-2,소교량,2016-133,2016-12-30,,,37.56906459,129.0995072,,,,,강원도 동해시,2019-09-16,4210000,강원도 동해시
49,강원도,동해시,호현천 2교,,강원도 동해시 호현동 23,소교량,2016-133,2016-12-30,,,37.46515751,129.1317813,,,,,강원도 동해시,2019-09-16,4210000,강원도 동해시
50,강원도,동해시,호현천 3교,,강원도 동해시 호현동 62,소교량,2016-133,2016-12-30,,,37.46523336,129.1276225,,,,,강원도 동해시,2019-09-16,4210000,강원도 동해시
51,강원도,동해시,지가천 3교,,강원도 동해시 단봉동 918-12,소교량,2016-133,2016-12-30,,,37.46619726,129.1143657,,,,,강원도 동해시,2019-09-16,4210000,강원도 동해시
52,강원도,동해시,지가천 4교,,강원도 동해시 단봉동 463-8,소교량,2016-133,2016-12-30,,,37.4651393,129.1133286,,,,,강원도 동해시,2019-09-16,4210000,강원도 동해시
53,강원도,동해시,이도 2교,,강원도 동해시 이도동 405-6,소교량,2016-133,2016-12-30,,,37.47853685,129.1033673,,,,,강원도 동해시,2019-09-16,4210000,강원도 동해시
54,강원도,동해시,이도교,,강원도 동해시 귀운동 3-2,소교량,2016-133,2016-12-30,,,37.47785357,129.0993435,,,,,강원도 동해시,2019-09-16,4210000,강원도 동해시
55,강원도,동해시,귀운천 6교,,강원도 동해시 귀운동 61,소교량,2016-133,2016-12-30,,,37.47635173,129.0970942,,,,,강원도 동해시,2019-09-16,4210000,강원도 동해시
56,강원도,동해시,서학천 1교,,강원도 동해시 신흥동 620,소교량,2016-133,2016-12-30,,,37.52224251,129.0123998,,,,,강원도 동해시,2019-09-16,4210000,강원도 동해시
57,강원도,동해시,서학천 3교,,강원도 동해시 신흥동 798,소교량,2016-133,2016-12-30,,,37.51102268,129.0062871,,,,,강원도 동해시,2019-09-16,4210000,강원도 동해시
58,강원도,동해시,금곡천 2교,,강원도 동해시 삼화동 774,소교량,2016-133,2016-12-30,,,37.47729729,129.0373781,,,,,강원도 동해시,2019-09-16,4210000,강원도 동해시
59,강원도,동해시,금곡천 3교,,강원도 동해시 삼화동 산110-2,소교량,2016-133,2016-12-30,,,37.47770941,129.0345686,,,,,강원도 동해시,2019-09-16,4210000,강원도 동해시
60,강원도,동해시,금곡천 4교,,강원도 동해시 이기동 산32-1,소교량,2016-133,2016-12-30,,,37.48125327,129.0260018,,,,,강원도 동해시,2019-09-16,4210000,강원도 동해시
61,강원도,동해시,부곡천 7교,,강원도 동해시 부곡동 417-1,소교량,2016-133,2016-12-30,,,37.53936091,129.0727054,,,,,강원도 동해시,2019-09-16,4210000,강원도 동해시
62,강원도,동해시,부곡천 8교,,강원도 동해시 부곡동 417,소교량,2016-133,2016-12-30,,,37.53914983,129.0721366,,,,,강원도 동해시,2019-09-16,4210000,강원도 동해시
63,강원도,동해시,안의골천 6교,,강원도 동해시 천곡동 710,소교량,2016-133,2016-12-30,,,37.51870612,129.0897284,,,,,강원도 동해시,2019-09-16,4210000,강원도 동해시
64,강원도,동해시,안의골천 8교,,강원도 동해시 천곡동 709,소교량,2016-133,2016-12-30,,,37.51947289,129.0876807,,,,,강원도 동해시,2019-09-16,4210000,강원도 동해시
65,강원도,동해시,안의골천 9교,,강원도 동해시 천곡동 711,소교량,2016-133,2016-12-30,,,37.51884183,129.0877167,,,,,강원도 동해시,2019-09-16,4210000,강원도 동해시
66,강원도,동해시,연당 세천,,강원도 동해시 단봉동 285,세천,2016-133,2016-12-30,,,37.47420175,129.1197417,,,,,강원도 동해시,2019-09-16,4210000,강원도 동해시
67,강원도,동해시,금단골 세천,,강원도 동해시 괴란동 394,세천,2016-133,2016-12-30,,,37.57638194,129.066048,,,,,강원도 동해시,2019-09-16,4210000,강원도 동해시
68,강원도,동해시,올밑 세천,,강원도 동해시 괴란동 466,세천,2016-133,2016-12-30,,,37.571596,129.0672023,,,,,강원도 동해시,2019-09-16,4210000,강원도 동해시
69,강원도,동해시,윗골 세천,,강원도 동해시 망상동 705,세천,2016-133,2016-12-30,,,37.58640248,129.0847035,,,,,강원도 동해시,2019-09-16,4210000,강원도 동해시
70,강원도,동해시,여시골 세천,,강원도 동해시 내동동 114,세천,2016-133,2016-12-30,,,37.46080671,129.1278837,,,,,강원도 동해시,2019-09-16,4210000,강원도 동해시
71,강원도,동해시,밤골 세천,,강원도 동해시 용정동 산42,세천,2016-133,2016-12-30,,,37.5072814256,129.1216271800,,,,,강원도 동해시,2019-09-16,4210000,강원도 동해시
72,강원도,동해시,지상골 세천,,강원도 동해시 지가동 374-40,세천,2016-133,2016-12-30,,,37.46207767,129.1030459,,,,,강원도 동해시,2019-09-16,4210000,강원도 동해시
73,강원도,동해시,무명골 세천,,강원도 동해시 지가동 374-16,세천,2016-133,2016-12-30,,,37.46271992,129.1056666,,,,,강원도 동해시,2019-09-16,4210000,강원도 동해시
74,강원도,동해시,단실 세천,,강원도 동해시 돈봉동 917,세천,2016-133,2016-12-30,,,37.51079484,129.0965469,,,,,강원도 동해시,2019-09-16,4210000,강원도 동해시
75,강원도,동해시,윗밭골 세천,,강원도 동해시 귀운동 300-65,세천,2016-133,2016-12-30,,,37.47073878,129.0931458,,,,,강원도 동해시,2019-09-16,4210000,강원도 동해시
76,강원도,동해시,승지골 세천,,강원도 동해시 부곡동 433-3,세천,2016-133,2016-12-30,,,37.54091492,129.0722411,,,,,강원도 동해시,2019-09-16,4210000,강원도 동해시
77,강원도,동해시,승지골 세천,,강원도 동해시 부곡동 474,세천,2016-133,2016-12-30,,,37.53778268,129.0678964,,,,,강원도 동해시,2019-09-16,4210000,강원도 동해시
78,강원도,동해시,망상뜰길,,강원도 동해시 초구동 361,농로,2016-133,2016-12-30,,,37.57905224,129.091299,,,,,강원도 동해시,2019-09-16,4210000,강원도 동해시
79,강원도,동해시,약천길,,강원도 동해시 심곡동 409-6,농로,2016-133,2016-12-30,,,37.58234907,129.0737416,,,,,강원도 동해시,2019-09-16,4210000,강원도 동해시
80,강원도,동해시,괴란길,,강원도 동해시 괴란동 180,농로,2016-133,2016-12-30,,,37.57322982,129.0608862,,,,,강원도 동해시,2019-09-16,4210000,강원도 동해시
81,강원도,동해시,신흥중앙로,,강원도 동해시 신흥동 595-1,농로,2016-133,2016-12-30,,,37.52287384,129.0154742,,,,,강원도 동해시,2019-09-16,4210000,강원도 동해시
82,강원도,동해시,서학길,,강원도 동해시 신흥동 710-1,농로,2016-133,2016-12-30,,,37.51528185,129.0160725,,,,,강원도 동해시,2019-09-16,4210000,강원도 동해시
83,강원도,동해시,내리천길,,강원도 동해시 내동동 5,농로,2016-133,2016-12-30,,,37.46080671,129.1278837,,,,,강원도 동해시,2019-09-16,4210000,강원도 동해시
84,강원도,동해시,단실가원2길,,강원도 동해시 단봉동 727-3,마을진입로,2016-133,2016-12-30,,,37.47662178,129.1144302,,,,,강원도 동해시,2019-09-16,4210000,강원도 동해시
85,강원도,동해시,단실가원1길,,강원도 동해시 단봉동 617,마을진입로,2016-133,2016-12-30,,,37.47330586,129.1144374,,,,,강원도 동해시,2019-09-16,4210000,강원도 동해시
86,강원도,동해시,대호길,,강원도 동해시 호현동 20,마을진입로,2016-133,2016-12-30,,,37.46559539,129.1330992,,,,,강원도 동해시,2019-09-16,4210000,강원도 동해시
87,강원도,동해시,초구길,,강원도 동해시 초구동 145,마을진입로,2016-133,2016-12-30,,,37.57620605,129.0882573,,,,,강원도 동해시,2019-09-16,4210000,강원도 동해시
88,강원도,동해시,갈전길,,강원도 동해시 초구동 116,마을진입로,2016-133,2016-12-30,,,37.57635421,129.0858708,,,,,강원도 동해시,2019-09-16,4210000,강원도 동해시
89,강원도,동해시,괴란길,,강원도 동해시 괴란동 210,마을진입로,2016-133,2016-12-30,,,37.57059936,129.0658183,,,,,강원도 동해시,2019-09-16,4210000,강원도 동해시
90,강원도,동해시,금단천2보,,강원도 동해시 괴란동 439,취입보,2016-133,2016-12-30,,,37.57260411,129.0673186,,,,,강원도 동해시,2019-09-16,4210000,강원도 동해시
91,강원도,동해시,금단천3보,,강원도 동해시 괴란동 441,취입보,2016-133,2016-12-30,,,37.5727589,129.0671397,,,,,강원도 동해시,2019-09-16,4210000,강원도 동해시
92,강원도,동해시,금단천4보,,강원도 동해시 괴란동 449,취입보,2016-133,2016-12-30,,,37.57401887,129.0663087,,,,,강원도 동해시,2019-09-16,4210000,강원도 동해시
93,강원도,동해시,금단천5보,,강원도 동해시 괴란동 452,취입보,2016-133,2016-12-30,,,37.57460907,129.0658076,,,,,강원도 동해시,2019-09-16,4210000,강원도 동해시
94,강원도,동해시,사뭇재 1낙차공,,강원도 동해시 초구동 3-1,낙차공,2016-133,2016-12-30,,,37.57471828,129.0971225,,,,,강원도 동해시,2019-09-16,4210000,강원도 동해시
95,강원도,동해시,사뭇재 2낙차공,,강원도 동해시 초구동 24,낙차공,2016-133,2016-12-30,,,37.56561177,129.0997054,,,,,강원도 동해시,2019-09-16,4210000,강원도 동해시
96,강원도,동해시,괴란 1낙차공,,강원도 동해시 괴란동 438,낙차공,2016-133,2016-12-30,,,37.57244102,129.0674182,,,,,강원도 동해시,2019-09-16,4210000,강원도 동해시
97,강원도,동해시,괴란 2낙차공,,강원도 동해시 괴란동 449,낙차공,2016-133,2016-12-30,,,37.57401887,129.0663087,,,,,강원도 동해시,2019-09-16,4210000,강원도 동해시
98,강원도,동해시,괴란 3낙차공,,강원도 동해시 괴란동 242-2,낙차공,2016-133,2016-12-30,,,37.5759423,129.0641411,,,,,강원도 동해시,2019-09-16,4210000,강원도 동해시
99,강원도,동해시,괴란 4낙차공,,강원도 동해시 괴란동 254-2,낙차공,2016-133,2016-12-30,,,37.57710932,129.0643263,,,,,강원도 동해시,2019-09-16,4210000,강원도 동해시
100,강원도,동해시,영단 1낙차공,,강원도 동해시 심곡동 185-3,낙차공,2016-133,2016-12-30,,,37.57889114,129.0863039,,,,,강원도 동해시,2019-09-16,4210000,강원도 동해시
101,강원도,동해시,영단 2낙차공,,강원도 동해시 심곡동 256,낙차공,2016-133,2016-12-30,,,37.57850318,129.0853812,,,,,강원도 동해시,2019-09-16,4210000,강원도 동해시
102,강원도,동해시,영단 3낙차공,,강원도 동해시 심곡동 724,낙차공,2016-133,2016-12-30,,,37.57881803,129.0844575,,,,,강원도 동해시,2019-09-16,4210000,강원도 동해시
103,강원도,동해시,영단 4낙차공,,강원도 동해시 심곡동 695,낙차공,2016-133,2016-12-30,,,37.58050361,129.0804628,,,,,강원도 동해시,2019-09-16,4210000,강원도 동해시
104,강원도,동해시,영단 5낙차공,,강원도 동해시 심곡동 682,낙차공,2016-133,2016-12-30,,,37.58063802,129.076604,,,,,강원도 동해시,2019-09-16,4210000,강원도 동해시
223,강원도,삼척시,수릉교,,강원도 삼척시 원덕읍 옥원리27-2,소교량,삼척시 고시 제2017?1호,2017-01-02,,,37.189812,129.3287963492,23,6,,033-570-3886,강원도 삼척시청,2019-05-23,4240000,강원도 삼척시
224,강원도,삼척시,외갈전암거2,,강원 삼척시 가곡면 오저리 289-5,소교량,삼척시 고시 제2017?1호,2017-01-02,,,37.141952,129.192138,4,0,,033-570-3886,강원도 삼척시청,2019-05-23,4240000,강원도 삼척시
225,강원도,삼척시,시동교,,강원도 삼척시 근덕면 교가리393-1,소교량,삼척시 고시 제2017?1호,2017-01-02,,,37.3824030863,129.2286482,20,9,,033-570-3886,강원도 삼척시청,2019-05-23,4240000,강원도 삼척시
226,강원도,삼척시,무2교,,강원도 삼척시 신기면 서하리45,소교량,삼척시 고시 제2017?1호,2017-01-02,,,37.350642,129.0694418,29,8,,033-570-3886,강원도 삼척시청,2019-05-23,4240000,강원도 삼척시
227,강원도,삼척시,삼산골교,,강원도 삼척시 원덕읍 임원리725,소교량,삼척시 고시 제2017?1호,2017-01-02,,,37.2378963796,129.3408491337,18,5,,033-570-3886,강원도 삼척시청,2019-05-23,4240000,강원도 삼척시
228,강원도,삼척시,상마읍교,,강원도 삼척시 노곡면 상마읍리164-13,소교량,삼척시 고시 제2017?1호,2017-01-02,,,37.2502728,129.1729854762,31,6,,033-570-3886,강원도 삼척시청,2019-05-23,4240000,강원도 삼척시
229,강원도,삼척시,고무능1교,,강원도 삼척시 신기면 고무릉리195,소교량,삼척시 고시 제2017?1호,2017-01-02,,,37.3451454,129.0494311,16,7,,033-570-3886,강원도 삼척시청,2019-05-23,4240000,강원도 삼척시
230,강원도,삼척시,산주교,,강원도 삼척시 노곡면 상마읍리60,소교량,삼척시 고시 제2017?1호,2017-01-02,,,37.2359288502,129.1672157691,19,9,,033-570-3886,강원도 삼척시청,2019-05-23,4240000,강원도 삼척시
231,강원도,삼척시,점리4교,,강원도 삼척시 도계읍 점리227-7,소교량,삼척시 고시 제2017?1호,2017-01-02,,,37.2477832,129.023748,9,5,,033-570-3886,강원도 삼척시청,2019-05-23,4240000,강원도 삼척시
232,강원도,삼척시,늑구교,,강원도 삼척시 도계읍 늑구리577,소교량,삼척시 고시 제2017?1호,2017-01-02,,,37.265509,129.061331,72,8,,033-570-3886,강원도 삼척시청,2019-05-23,4240000,강원도 삼척시
233,강원도,삼척시,마평교,,강원도 삼척시 미로면 무사리154,소교량,삼척시 고시 제2017?1호,2017-01-02,,,37.428432,129.1221971,120,5,,033-570-3886,강원도 삼척시청,2019-05-23,4240000,강원도 삼척시
234,강원도,삼척시,발리교,,강원도 삼척시 도계읍 발이리101,소교량,삼척시 고시 제2017?1호,2017-01-02,,,37.295744,129.0665456579,66,6,,033-570-3886,강원도 삼척시청,2019-05-23,4240000,강원도 삼척시
235,강원도,삼척시,절터골교,,강원도 삼척시 원덕읍 임원리966,소교량,삼척시 고시 제2017?1호,2017-01-02,,,37.2387039557,129.3276777874,36,5,,033-570-3886,강원도 삼척시청,2019-05-23,4240000,강원도 삼척시
236,강원도,삼척시,내미로무명2,,강원도 삼척시 미로면 내미로리525,소교량,삼척시 고시 제2017?1호,2017-01-02,,,37.4433541523,129.0665161790,20,4,,033-570-3886,강원도 삼척시청,2019-05-23,4240000,강원도 삼척시
237,강원도,삼척시,자양곡천,,강원도 삼척시 원덕읍 임원리1155,세천,삼척시 고시 제2017?1호,2017-01-02,,,37.2443020202,129.3125445843,250,4,,033-570-3886,강원도 삼척시청,2019-05-23,4240000,강원도 삼척시
238,강원도,삼척시,조상골,,강원도 삼척시 근덕면 교곡리571,세천,삼척시 고시 제2017?1호,2017-01-02,,,37.350172,129.2040496978,300,2,,033-570-3886,강원도 삼척시청,2019-05-23,4240000,강원도 삼척시
239,강원도,삼척시,덕풍마을천1,,강원도 삼척시 가곡면 풍곡리137,세천,삼척시 고시 제2017?1호,2017-01-02,,,37.0986865295,129.182031,300,5,,033-570-3886,강원도 삼척시청,2019-05-23,4240000,강원도 삼척시
240,강원도,삼척시,분오실천,,강원도 삼척시 원덕읍 노곡리693,세천,삼척시 고시 제2017?1호,2017-01-02,,,37.216128,129.3118101772,200,4,,033-570-3886,강원도 삼척시청,2019-05-23,4240000,강원도 삼척시
241,강원도,삼척시,궁촌4리,,강원도 삼척시 근덕면 궁촌리935-6,마을진입로,삼척시 고시 제2017?1호,2017-01-02,,,37.287103,129.2524491604,300,3,,033-570-3886,강원도 삼척시청,2019-05-23,4240000,강원도 삼척시
242,강원도,삼척시,감나무골세천,,강원도 삼척시 신기면 고무릉리113-4,세천,삼척시 고시 제2017?1호,2017-01-02,,,37.3446008,129.0557134749,200,3,,033-570-3886,강원도 삼척시청,2019-05-23,4240000,강원도 삼척시
243,강원도,삼척시,큰내니미골,,강원도 삼척시 근덕면 하맹방리686,세천,삼척시 고시 제2017?1호,2017-01-02,,,37.3845164274,129.2092580308,200,2,,033-570-3886,강원도 삼척시청,2019-05-23,4240000,강원도 삼척시
244,강원도,삼척시,덕풍마을천4,,강원도 삼척시 가곡면 풍곡리118,세천,삼척시 고시 제2017?1호,2017-01-02,,,37.095311,129.1856294823,200,7,,033-570-3886,강원도 삼척시청,2019-05-23,4240000,강원도 삼척시
245,강원도,삼척시,한소소농로,,강원도 삼척시 하장면 한소리60,농로,삼척시 고시 제2017?1호,2017-01-02,,,37.244246,128.9012660768,200,4,,033-570-3886,강원도 삼척시청,2019-05-23,4240000,강원도 삼척시
246,강원도,삼척시,수릉2교,,강원도 삼척시 원덕읍 옥원리385-1,소교량,삼척시 고시 제2017?1호,2017-01-02,,,37.1972226,129.3251295902,39,6,,033-570-3886,강원도 삼척시청,2019-05-23,4240000,강원도 삼척시
247,강원도,삼척시,흥전소교량,,강원도 삼척시 도계읍 흥전리197-2,소교량,삼척시 고시 제2017?1호,2017-01-02,,,37.2198165298,129.0314515494,12,6,,033-570-3886,강원도 삼척시청,2019-05-23,4240000,강원도 삼척시
248,강원도,삼척시,역금교,,강원도 삼척시 노곡면 상월산리32,소교량,삼척시 고시 제2017?1호,2017-01-02,,,37.3373173533,129.1588633703,25,4,,033-570-3886,강원도 삼척시청,2019-05-23,4240000,강원도 삼척시
249,강원도,삼척시,무명신기교,,강원도 삼척시 신기면 신기리341-1,소교량,삼척시 고시 제2017?1호,2017-01-02,,,37.3490945,129.0810837096,30,4,,033-570-3886,강원도 삼척시청,2019-05-23,4240000,강원도 삼척시
250,강원도,삼척시,빙동암거,,강원도 삼척시 가곡면 동활리162-6,소교량,삼척시 고시 제2017?1호,2017-01-02,,,37.1482713948,129.1457546800,5,0,,033-570-3886,강원도 삼척시청,2019-05-23,4240000,강원도 삼척시
251,강원도,삼척시,교곡교,,강원도 삼척시 근덕면 교곡리302,소교량,삼척시 고시 제2017?1호,2017-01-02,,,37.3716368630,129.2148898468,36,6,,033-570-3886,강원도 삼척시청,2019-05-23,4240000,강원도 삼척시
252,강원도,삼척시,자밭골교,,강원도 삼척시 미로면 하사전리44-1,소교량,삼척시 고시 제2017?1호,2017-01-02,,,37.383609,129.0795207023,40,12,,033-570-3886,강원도 삼척시청,2019-05-23,4240000,강원도 삼척시
253,강원도,삼척시,선마교,,강원도 삼척시 도계읍 황조리160,소교량,삼척시 고시 제2017?1호,2017-01-02,,,37.2123376868,129.0860587,15,5,,033-570-3886,강원도 삼척시청,2019-05-23,4240000,강원도 삼척시
254,강원도,삼척시,광태리,,강원도 삼척시 근덕면 광태리283,마을진입로,삼척시 고시 제2017?1호,2017-01-02,,,37.348301,129.2308123552,500,3,,033-570-3886,강원도 삼척시청,2019-05-23,4240000,강원도 삼척시
255,강원도,삼척시,발이리,,강원도 삼척시 도계읍 발이리 621-92,마을진입로,삼척시 고시 제2017?1호,2017-01-02,,,37.293114,129.067484,400,3,,033-570-3886,강원도 삼척시청,2019-05-23,4240000,강원도 삼척시
256,강원도,삼척시,교가1리,,강원도 삼척시 근덕면 교가리134-1,농로,삼척시 고시 제2017?1호,2017-01-02,,,37.3757273476,129.232158,300,3,,033-570-3886,강원도 삼척시청,2019-05-23,4240000,강원도 삼척시
257,강원도,삼척시,장전소농로,,강원도 삼척시 하장면 장전리109,농로,삼척시 고시 제2017?1호,2017-01-02,,,37.3443587173,128.922218,300,3,,033-570-3886,강원도 삼척시청,2019-05-23,4240000,강원도 삼척시
258,강원도,삼척시,외상방천,,강원도 삼척시 가곡면 풍곡리324,세천,삼척시 고시 제2017?1호,2017-01-02,,,37.1015143085,129.1560233318,200,4,,033-570-3886,강원도 삼척시청,2019-05-23,4240000,강원도 삼척시
259,강원도,삼척시,산지당골천,,강원도 삼척시 미로면 하거노리405-3,세천,삼척시 고시 제2017?1호,2017-01-02,,,37.4086321538,129.1039459045,200,3,,033-570-3886,강원도 삼척시청,2019-05-23,4240000,강원도 삼척시
260,강원도,삼척시,궁촌소농로,,강원도 삼척시 근덕면 궁촌리1027,농로,삼척시 고시 제2017?1호,2017-01-02,,,37.2970135644,129.2710672193,140,3,,033-570-3886,강원도 삼척시청,2019-05-23,4240000,강원도 삼척시
261,강원도,삼척시,숙암소농로1,,강원도 삼척시 하장면 숙암리302,농로,삼척시 고시 제2017?1호,2017-01-02,,,37.3218976547,128.9476505150,100,3,,033-570-3886,강원도 삼척시청,2019-05-23,4240000,강원도 삼척시
262,강원도,삼척시,번천소농로1,,강원도 삼척시 하장면 번천리78,농로,삼척시 고시 제2017?1호,2017-01-02,,,37.371296,129.0035716706,100,3,,033-570-3886,강원도 삼척시청,2019-05-23,4240000,강원도 삼척시
263,강원도,홍천군,뒷골천 무명1교,강원도 홍천군 서석면 아미산길 19-22,강원도 홍천군 서석면 풍암리 699,소교량,홍천군고시 제2018-382호,2018-07-30,소규모 공공시설 안전관리,,37.720793,128.772151,11,4,,033-430-2891,강원도 홍천군청,2018-08-30,4250000,강원도 홍천군
264,강원도,홍천군,도심 1교,강원도 홍천군 화촌면 구성포리1569-2,강원도 홍천군 화촌면 구성포리 1569-2,소교량,홍천군고시 제2018-382호,2018-07-30,소규모 공공시설 안전관리,,37.783894,127.896531,20,5,,033-430-2891,강원도 홍천군청,2018-08-30,4250000,강원도 홍천군
265,강원도,홍천군,길곡 세월교,강원도 홍천군 서면 길곡리 133-1,강원도 홍천군 서면 길곡리 133-1,소교량,홍천군고시 제2018-382호,2018-07-30,소규모 공공시설 안전관리,,37.661026,127.583826,51,4,,033-430-2891,강원도 홍천군청,2018-08-30,4250000,강원도 홍천군
266,강원도,홍천군,모종천 무명1교,강원도 홍천군 내촌면 도관길 42,강원도 홍천군 내촌면 도관리 367-2,소교량,홍천군고시 제2018-382호,2018-07-30,소규모 공공시설 안전관리,,37.817713,128.091833,19,4,,033-430-2891,강원도 홍천군청,2018-08-30,4250000,강원도 홍천군
267,강원도,홍천군,덕두원 무명4교,강원도 홍천군 내면 덕두원길 382-6,강원도 홍천군 내면 자운리 905-1,소교량,홍천군고시 제2018-382호,2018-07-30,소규모 공공시설 안전관리,,37.715224,128.375799,12,4,,033-430-2891,강원도 홍천군청,2018-08-30,4250000,강원도 홍천군
268,강원도,홍천군,조항천 무명2교,강원도 홍천군 내면 자운리 산247-3,강원도 홍천군 내면 자운리 산247-3,소교량,홍천군고시 제2018-382호,2018-07-30,소규모 공공시설 안전관리,,37.722467,128.406035,11,4,,033-430-2891,강원도 홍천군청,2018-08-30,4250000,강원도 홍천군
269,강원도,홍천군,시동저수지 무명3교,강원도 홍천군 남면 시동로 764-63,강원도 홍천군 남면 시동리 411-9,소교량,홍천군고시 제2018-382호,2018-07-30,소규모 공공시설 안전관리,,37.585685,127.842113,8,4,,033-430-2891,강원도 홍천군청,2018-08-30,4250000,강원도 홍천군
270,강원도,홍천군,백이동 세월교,강원도 홍천군 화촌면 백이동길 67,강원도 홍천군 화촌면 성산리 805,소교량,홍천군고시 제2018-382호,2018-07-30,소규모 공공시설 안전관리,,37.765071,127.952661,21,4,,033-430-2891,강원도 홍천군청,2018-08-30,4250000,강원도 홍천군
271,강원도,홍천군,조항천 무명1교,강원도 홍천군 내면 보래령로 300,강원도 홍천군 내면 자운리 647-2,소교량,홍천군고시 제2018-382호,2018-07-30,소규모 공공시설 안전관리,,37.716321,128.404847,11,5,,033-430-2891,강원도 홍천군청,2018-08-30,4250000,강원도 홍천군
272,강원도,홍천군,장전평천 무명1교,강원도 홍천군 홍천읍 옥류동길 40,강원도 홍천군 홍천읍 장전평리 산98-1,소교량,홍천군고시 제2018-382호,2018-07-30,소규모 공공시설 안전관리,,37.643541,127.891384,15,7,,033-430-2891,강원도 홍천군청,2018-08-30,4250000,강원도 홍천군
273,강원도,홍천군,당무교,강원도 홍천군 화촌면 당무마을길50-4,강원도 홍천군 화촌면 군업리 1114,소교량,홍천군고시 제2018-382호,2018-07-30,소규모 공공시설 안전관리,,37.721651,128.035525,18,4,,033-430-2891,강원도 홍천군청,2018-08-30,4250000,강원도 홍천군
274,강원도,홍천군,이전교,강원도 홍천군 내면 대한동길 42,강원도 홍천군 내면 창촌리 1534,소교량,홍천군고시 제2018-382호,2018-07-30,소규모 공공시설 안전관리,,37.777815,128.398414,24,4,,033-430-2891,강원도 홍천군청,2018-08-30,4250000,강원도 홍천군
275,강원도,홍천군,증골천 무명1교,강원도 홍천군 두촌면 증골길 72-3,강원도 홍천군 두촌면 자은리 531-7,소교량,홍천군고시 제2018-382호,2018-07-30,소규모 공공시설 안전관리,,37.870381,128.025157,21,6,,033-430-2891,강원도 홍천군청,2018-08-30,4250000,강원도 홍천군
276,강원도,홍천군,자운천 무명4교,강원도 홍천군 내면 자운리 1223,강원도 홍천군 내면 자운리 1223,소교량,홍천군고시 제2018-382호,2018-07-30,소규모 공공시설 안전관리,,37.728002,128.358581,11,4,,033-430-2891,강원도 홍천군청,2018-08-30,4250000,강원도 홍천군
331,강원도,인제군,소치 새마을7교,,강원도 인제군 남면 소치리 483,소교량,2017-9호,2017-01-10,,,37.95725641,128.1399481,4,6,,033-460-2094,강원도 인제군청,2019-09-03,4330000,강원도 인제군
332,강원도,인제군,봉황촌새마을7교,,강원도 인제군 서화면 서화리 527,소교량,2017-9호,2017-01-10,,,38.24679722,128.2182406,5,5,,033-460-2094,강원도 인제군청,2019-09-03,4330000,강원도 인제군
333,강원도,인제군,왜골 무명4교,,강원도 인제군 상남면 하남리 1322,소교량,2017-9호,2017-01-10,,,37.93431532,128.2692857,7,6,,033-460-2094,강원도 인제군청,2019-09-03,4330000,강원도 인제군
334,강원도,인제군,미기동 무명1교,,강원도 인제군 상남면 하남리 583,소교량,2017-9호,2017-01-10,,,37.89890726,128.2836537,4,6,,033-460-2094,강원도 인제군청,2019-09-03,4330000,강원도 인제군
335,강원도,인제군,중평상 무명3교,,강원도 인제군 상남면 상남리 1670,소교량,2017-9호,2017-01-10,,,37.83452855,128.2161155,11,6,,033-460-2094,강원도 인제군청,2019-09-03,4330000,강원도 인제군
336,강원도,인제군,중평상 무명2교,,강원도 인제군 상남면 상남리 1662,소교량,2017-9호,2017-01-10,,,37.83282635,128.2205411,11,6,,033-460-2094,강원도 인제군청,2019-09-03,4330000,강원도 인제군
337,강원도,인제군,중평상 무명1교,,강원도 인제군 상남면 상남리 1659,소교량,2017-9호,2017-01-10,,,37.83246982,128.2232439,11,6,,033-460-2094,강원도 인제군청,2019-09-03,4330000,강원도 인제군
338,강원도,인제군,중평상 2교,,강원도 인제군 상남면 상남리 1645,소교량,2017-9호,2017-01-10,,,37.82979852,128.225451,4,6,,033-460-2094,강원도 인제군청,2019-09-03,4330000,강원도 인제군
339,강원도,인제군,엄달골 무명4교,,강원도 인제군 상남면 상남리 1598,소교량,2017-9호,2017-01-10,,,37.82936293,128.2316523,16,4,,033-460-2094,강원도 인제군청,2019-09-03,4330000,강원도 인제군
340,강원도,인제군,고석평 새마을6교,,강원도 인제군 상남면 상남리 1402,소교량,2017-9호,2017-01-10,,,37.85898775,128.2133235,12,6,,033-460-2094,강원도 인제군청,2019-09-03,4330000,강원도 인제군
341,강원도,인제군,고석평 새마을5교,,강원도 인제군 상남면 상남리 1396-2,소교량,2017-9호,2017-01-10,,,37.85621474,128.2170429,14,6,,033-460-2094,강원도 인제군청,2019-09-03,4330000,강원도 인제군
342,강원도,인제군,고석평 새마을4교,,강원도 인제군 상남면 상남리 1396-17,소교량,2017-9호,2017-01-10,,,37.85509795,128.2167782,12,6,,033-460-2094,강원도 인제군청,2019-09-03,4330000,강원도 인제군
343,강원도,인제군,고석평 새마을3교,,강원도 인제군 상남면 상남리 1419,소교량,2017-9호,2017-01-10,,,37.85334505,128.2241595,12,6,,033-460-2094,강원도 인제군청,2019-09-03,4330000,강원도 인제군
344,강원도,인제군,고석평 무명4교,,강원도 인제군 상남면 상남리 1374,소교량,2017-9호,2017-01-10,,,37.85968736,128.2101093,7,6,,033-460-2094,강원도 인제군청,2019-09-03,4330000,강원도 인제군
345,강원도,인제군,고석평 무명3교,,강원도 인제군 상남면 상남리 1426,소교량,2017-9호,2017-01-10,,,37.85179439,128.2292683,7,6,,033-460-2094,강원도 인제군청,2019-09-03,4330000,강원도 인제군
346,강원도,인제군,고석평 무명2교,,강원도 인제군 상남면 상남리 1432,소교량,2017-9호,2017-01-10,,,37.8510803,128.2349592,12,6,,033-460-2094,강원도 인제군청,2019-09-03,4330000,강원도 인제군
347,강원도,인제군,속사무명 1교,,강원도 인제군 상남면 미산리 433,소교량,2017-9호,2017-01-10,,,37.86218114,128.3154708,7.5,6,,033-460-2094,강원도 인제군청,2019-09-03,4330000,강원도 인제군
348,강원도,인제군,빈지동 새마을5교,,강원도 인제군 상남면 미산리 355,소교량,2017-9호,2017-01-10,,,37.87934181,128.3235244,4,6,,033-460-2094,강원도 인제군청,2019-09-03,4330000,강원도 인제군
349,강원도,인제군,계화 2교,,강원도 인제군 북면 한계리 1061-2,소교량,2017-9호,2017-01-10,,,38.14345363,128.2544152,3,3,,033-460-2094,강원도 인제군청,2019-09-03,4330000,강원도 인제군
350,강원도,인제군,모평 무명3교,,강원도 인제군 북면 월학리 217-1,소교량,2017-9호,2017-01-10,,,38.16242585,128.2202012,5,4,,033-460-2094,강원도 인제군청,2019-09-03,4330000,강원도 인제군
351,강원도,인제군,소재 무명3교,,강원도 인제군 북면 월학리 2186-1,소교량,2017-9호,2017-01-10,,,38.16095221,128.1629233,13,3,,033-460-2094,강원도 인제군청,2019-09-03,4330000,강원도 인제군
352,강원도,인제군,늪둔 무명9교,,강원도 인제군 북면 원통리 453-2,소교량,2017-9호,2017-01-10,,,38.12266513,128.2154162,1.5,5,,033-460-2094,강원도 인제군청,2019-09-03,4330000,강원도 인제군
353,강원도,인제군,정재자 2세월교,,강원도 인제군 남면 정자리 166-11,소교량,2017-9호,2017-01-10,,,37.94758824,128.2068451,11,5,,033-460-2094,강원도 인제군청,2019-09-03,4330000,강원도 인제군
354,강원도,인제군,큰통골 무명1교,,강원도 인제군 남면 정자리 130,소교량,2017-9호,2017-01-10,,,37.93898025,128.2086752,8,3,,033-460-2094,강원도 인제군청,2019-09-03,4330000,강원도 인제군
355,강원도,인제군,소치 새마을6교,,강원도 인제군 남면 소치리 483,소교량,2017-9호,2017-01-10,,,37.95725641,128.1399481,16,6,,033-460-2094,강원도 인제군청,2019-09-03,4330000,강원도 인제군
356,강원도,인제군,소치 새마을5교,,강원도 인제군 남면 소치리 483,소교량,2017-9호,2017-01-10,,,37.95725641,128.1399481,4,5,,033-460-2094,강원도 인제군청,2019-09-03,4330000,강원도 인제군
357,강원도,인제군,역골 4교,,강원도 인제군 기린면 현리 552-1,소교량,2017-9호,2017-01-10,,,37.97581645,128.3322505,16,7,,033-460-2094,강원도 인제군청,2019-09-03,4330000,강원도 인제군
358,강원도,인제군,치전 무명8교,,강원도 인제군 기린면 진동리 960-1,소교량,2017-9호,2017-01-10,,,37.9949567,128.3844339,5,6,,033-460-2094,강원도 인제군청,2019-09-03,4330000,강원도 인제군
359,강원도,인제군,치전 무명9교,,강원도 인제군 기린면 진동리 965,소교량,2017-9호,2017-01-10,,,37.9947341,128.3836244,5,8,,033-460-2094,강원도 인제군청,2019-09-03,4330000,강원도 인제군
360,강원도,인제군,양지 무명4교,,강원도 인제군 기린면 서리 1248-1,소교량,2017-9호,2017-01-10,,,37.96218935,128.2746571,12,6,,033-460-2094,강원도 인제군청,2019-09-03,4330000,강원도 인제군
361,강원도,인제군,하다리새마을4교,,강원도 인제군 상남면 하남리 1143,소교량,2017-9호,2017-01-10,,,37.9105073,128.2782764,16,3,,033-460-2094,강원도 인제군청,2019-09-03,4330000,강원도 인제군
362,강원도,인제군,매봉재새마을1교,,강원도 인제군 남면 정자리 35,소교량,2017-9호,2017-01-10,,,37.94823078,128.2152668,8,5,,033-460-2094,강원도 인제군청,2019-09-03,4330000,강원도 인제군
363,강원도,인제군,양지무명5교,,강원도 인제군 기린면 서리 1286,소교량,2017-9호,2017-01-10,,,37.960963,128.2712043,18,5,,033-460-2094,강원도 인제군청,2019-09-03,4330000,강원도 인제군
364,강원도,인제군,역골무명5교,,강원도 인제군 기린면 북리 1156,소교량,2017-9호,2017-01-10,,,37.98926734,128.3390249,5,5,,033-460-2094,강원도 인제군청,2019-09-03,4330000,강원도 인제군
365,강원도,인제군,역골무명6교,,강원도 인제군 기린면 북리 1150,소교량,2017-9호,2017-01-10,,,37.98951757,128.3366125,5,5,,033-460-2094,강원도 인제군청,2019-09-03,4330000,강원도 인제군
366,강원도,인제군,역골무명6.5교,,강원도 인제군 기린면 북리 1029,소교량,2017-9호,2017-01-10,,,37.99023204,128.3388131,5,5,,033-460-2094,강원도 인제군청,2019-09-03,4330000,강원도 인제군
367,강원도,인제군,역골4교,,강원도 인제군 기린면 현리 552-1,소교량,2017-9호,2017-01-10,,,37.97581645,128.3322505,14,5,,033-460-2094,강원도 인제군청,2019-09-03,4330000,강원도 인제군
368,강원도,고성군,세천1무명소교량,,강원도 고성군 간성읍 어천리 455-2,소교량,고성군 고시 제2017-3호,2017-01-09,노후 및 통수단면 부족,,38.362368,128.424868,30,4,,033-680-3752,강원도 고성군,2018-08-20,4340000,강원도 고성군
369,강원도,고성군,세천2너래골하소교량,,강원도 고성군 간성읍 어천리 979,소교량,고성군 고시 제2017-3호,2017-01-09,노후 및 통수단면 부족,,38.352962,128.423910,13,6,,033-680-3752,강원도 고성군,2018-08-20,4340000,강원도 고성군
370,강원도,고성군,세천3무명3소교량,,강원도 고성군 죽왕면 구성리 179,소교량,고성군 고시 제2017-3호,2017-01-09,노후 및 통수단면 부족,,38.324860,128.467149,5,5,,033-680-3752,강원도 고성군,2018-08-20,4340000,강원도 고성군
371,강원도,고성군,세천4무명소교량,,강원도 고성군 죽왕면 삼포리 산101-2,소교량,고성군 고시 제2017-3호,2017-01-09,노후 및 통수단면 부족,,38.313826,128.518517,7,8,,033-680-3752,강원도 고성군,2018-08-20,4340000,강원도 고성군
372,강원도,고성군,세천5무명소교량,,강원도 고성군 토성면 인흥리 716-25,소교량,고성군 고시 제2017-3호,2017-01-09,노후 및 통수단면 부족,,38.230092,128.548201,65,5,,033-680-3752,강원도 고성군,2018-08-20,4340000,강원도 고성군
373,강원도,고성군,세천6무명소교량,,강원도 고성군 현내면 화곡리 48-1,소교량,고성군 고시 제2017-3호,2017-01-09,노후 및 통수단면 부족,,38.486908,128.393270,20,5,,033-680-3752,강원도 고성군,2018-08-20,4340000,강원도 고성군
374,강원도,고성군,세천7무명소교량,,강원도 고성군 간성읍 어천리 979,소교량,고성군 고시 제2017-3호,2017-01-09,노후 및 통수단면 부족,,38.352962,128.423910,14,5,,033-680-3752,강원도 고성군,2018-08-20,4340000,강원도 고성군
375,강원도,고성군,세천8대다골소교량,,강원도 고성군 간성읍 어천리 979,소교량,고성군 고시 제2017-3호,2017-01-09,노후 및 통수단면 부족,,38.352962,128.423910,50,5,,033-680-3752,강원도 고성군,2018-08-20,4340000,강원도 고성군
376,강원도,고성군,세천9백촌1소교량,,강원도 고성군 토성면 백촌리 59-16,소교량,고성군 고시 제2017-3호,2017-01-09,노후 및 통수단면 부족,,38.293472,128.543191,18,6.5,,033-680-3752,강원도 고성군,2018-08-20,4340000,강원도 고성군
377,강원도,고성군,세천10구둔2소교량,,강원도 고성군 죽왕면 구성리 248-7,소교량,고성군 고시 제2017-3호,2017-01-09,노후 및 통수단면 부족,,38.309669,128.468243,16,2.5,,033-680-3752,강원도 고성군,2018-08-20,4340000,강원도 고성군
378,강원도,고성군,세천11가뫼소교량,,강원도 고성군 토성면 인흥리 732,소교량,고성군 고시 제2017-3호,2017-01-09,노후 및 통수단면 부족,,38.233392,128.532402,40,7.5,,033-680-3752,강원도 고성군,2018-08-20,4340000,강원도 고성군
379,강원도,고성군,세천12댐뜰소교량,,강원도 고성군 죽왕면 오호리 273-2,소교량,고성군 고시 제2017-3호,2017-01-09,노후 및 통수단면 부족,,38.325009,128.517560,26,6,,033-680-3752,강원도 고성군,2018-08-20,4340000,강원도 고성군
380,강원도,고성군,세천13야촌소교량,,강원도 고성군 죽왕면 야촌리 1044-29,소교량,고성군 고시 제2017-3호,2017-01-09,노후 및 통수단면 부족,,38.302769,128.510224,18,4.5,,033-680-3752,강원도 고성군,2018-08-20,4340000,강원도 고성군
381,강원도,고성군,세천14무명1소교량,,강원도 고성군 죽왕면 오봉리 730-1,소교량,고성군 고시 제2017-3호,2017-01-09,노후 및 통수단면 부족,,38.346569,128.506005,6,4,,033-680-3752,강원도 고성군,2018-08-20,4340000,강원도 고성군
382,강원도,고성군,세천15배봉1소교량,,강원도 고성군 현내면 배봉리 129-2,소교량,고성군 고시 제2017-3호,2017-01-09,노후 및 통수단면 부족,,38.524620,128.395469,60,6,,033-680-3752,강원도 고성군,2018-08-20,4340000,강원도 고성군
383,강원도,고성군,세천16광천소교량,,강원도 고성군 현내면 명파리 611-68,소교량,고성군 고시 제2017-3호,2017-01-09,노후 및 통수단면 부족,,38.543898,128.394931,31,6,,033-680-3752,강원도 고성군,2018-08-20,4340000,강원도 고성군
384,강원도,양양군,왕생골길1교,강원도 양양군 서면 왕생골길 9,강원도 양양군 서면 갈천리 199-10,소교량,양양군 고시 제2017-31호,2017-03-14,위험도 평가 실시,,37.9135594098,128.5001488,10,5,,033-670-2471,강원도 양양군청,2019-06-30,4350000,강원도 양양군
385,강원도,양양군,왕생골길2교,,강원도 양양군 서면 갈천리 216-1,소교량,양양군 고시 제2017-31호,2017-03-14,위험도 평가 실시,,37.912965,128.492379,10,5,,033-670-2471,강원도 양양군청,2019-06-30,4350000,강원도 양양군
386,강원도,양양군,왕생골길3교,,강원도 양양군 서면 갈천리 217,소교량,양양군 고시 제2017-31호,2017-03-14,위험도 평가 실시,,37.9133239,128.4913140,10,5,,033-670-2471,강원도 양양군청,2019-06-30,4350000,강원도 양양군
277,강원도,홍천군,성동천 무명5교,강원도 홍천군 북방면 화동리 573,강원도 홍천군 북방면 화동리 573,소교량,홍천군고시 제2018-382호,2018-07-30,소규모 공공시설 안전관리,,37.723308,127.865531,36,4,,033-430-2891,강원도 홍천군청,2018-08-30,4250000,강원도 홍천군
278,강원도,홍천군,주음지천 무명3교,강원도 홍천군 화촌면 주음치로 499-7,강원도 홍천군 화촌면 주음치리 300-1,소교량,홍천군고시 제2018-382호,2018-07-30,소규모 공공시설 안전관리,,37.772975,128.019363,11,4,,033-430-2891,강원도 홍천군청,2018-08-30,4250000,강원도 홍천군
279,강원도,홍천군,풍천천 무명5교,강원도 홍천군 화촌면 가락재로 578-5,강원도 홍천군 화촌면 풍천리 393-17,소교량,홍천군고시 제2018-382호,2018-07-30,소규모 공공시설 안전관리,,37.3820765,127.895026,13,4,,033-430-2891,강원도 홍천군청,2018-08-30,4250000,강원도 홍천군
280,강원도,홍천군,부사원천 세월교,강원도 홍천군 북방면 능평리 211,강원도 홍천군 북방면 능평리 211,소교량,홍천군고시 제2018-382호,2018-07-30,소규모 공공시설 안전관리,,37.717592,127.838574,21,4,,033-430-2891,강원도 홍천군청,2018-08-30,4250000,강원도 홍천군
281,강원도,홍천군,도장교,강원도 홍천군 내면 자운리 1369,강원도 홍천군 내면 자운리 1369,소교량,홍천군고시 제2018-382호,2018-07-30,소규모 공공시설 안전관리,,37.718771,128.345804,10,4,,033-430-2891,강원도 홍천군청,2018-08-30,4250000,강원도 홍천군
282,강원도,홍천군,작은골천 무명2교,강원도 홍천군 화촌면 굴운로296-20,강원도 홍천군 화촌면 굴운리 184-4,소교량,홍천군고시 제2018-382호,2018-07-30,소규모 공공시설 안전관리,,37.723083,127.966382,8,4,,033-430-2891,강원도 홍천군청,2018-08-30,4250000,강원도 홍천군
283,강원도,홍천군,승방리천 무명1교,강원도 홍천군 서석면 효제곡길 12,강원도 홍천군 서석면 검산리 781-3,소교량,홍천군고시 제2018-382호,2018-07-30,소규모 공공시설 안전관리,,37.707244,128.205591,14,4,,033-430-2891,강원도 홍천군청,2018-08-30,4250000,강원도 홍천군
284,강원도,홍천군,솔골천 무명1교,강원도 홍천군 내촌면 아홉사리로 447-9,강원도 홍천군 내촌면 화상대리 1157,소교량,홍천군고시 제2018-382호,2018-07-30,소규모 공공시설 안전관리,,37.807875,128.025904,6,4,,033-430-2891,강원도 홍천군청,2018-08-30,4250000,강원도 홍천군
285,강원도,홍천군,장수원 세월교,강원도 홍천군 내촌면 물걸리 972-1,강원도 홍천군 내촌면 물걸리 972-1,소교량,홍천군고시 제2018-382호,2018-07-30,소규모 공공시설 안전관리,,37.792197,128.133465,85,4,,033-430-2891,강원도 홍천군청,2018-08-30,4250000,강원도 홍천군
286,강원도,홍천군,대계천 무명1교,강원도 홍천군 내면 계천길 51,강원도 홍천군 내면 광원리 1304-2,소교량,홍천군고시 제2018-382호,2018-07-30,소규모 공공시설 안전관리,,37.814053,128.408761,6,4,,033-430-2891,강원도 홍천군청,2018-08-30,4250000,강원도 홍천군
287,강원도,홍천군,길곡천 무명1교,강원도 홍천군 서면 설밀길 162,강원도 홍천군 서면 모곡리 251,소교량,홍천군고시 제2018-382호,2018-07-30,소규모 공공시설 안전관리,,37.679254,127.591285,20,4,,033-430-2891,강원도 홍천군청,2018-08-30,4250000,강원도 홍천군
288,강원도,영월군,금마교,,강원도 영월군 주천면 금마리 1049-2,소교량,영월군 고시 제2018-112호,2018-05-30,,,37.234561,128.238667,,,,,강원도 영월군청,2018-08-31,4270000,강원도 영월군
289,강원도,영월군,둔전교,,강원도 영월군 주천면 판운리 779-3,소교량,영월군 고시 제2018-112호,2018-05-30,,,37.327725,128.315536,,,,,강원도 영월군청,2018-08-31,4270000,강원도 영월군
290,강원도,영월군,법흥리 세월교,,강원도 영월군 무릉도원면 법흥리 713-2,소교량,영월군 고시 제2018-112호,2018-05-30,,,37.326043,128.264971,,,,,강원도 영월군청,2018-08-31,4270000,강원도 영월군
291,강원도,영월군,무릉리 세월교,,강원도 영월군 무릉도원면 무릉리 1285-3,소교량,영월군 고시 제2018-112호,2018-05-30,,,37.305483,128.259733,,,,,강원도 영월군청,2018-08-31,4270000,강원도 영월군
292,강원도,영월군,산정소교량,,강원도 영월군 한반도면 후탄1리,소교량,영월군 고시 제2018-112호,2018-05-30,,,37.205969,128.348239,,,,,강원도 영월군청,2018-08-31,4270000,강원도 영월군
293,강원도,영월군,두산리 세월교,,강원도 영월군 무릉도원면 두산리 산30-19,소교량,영월군 고시 제2018-112호,2018-05-30,,,37.299244,128.189532,,,,,강원도 영월군청,2018-08-31,4270000,강원도 영월군
294,강원도,영월군,복덕원교,,강원도 영월군 영월읍 연하리 273-6,소교량,영월군 고시 제2018-112호,2018-05-30,,,37.193398,128.557093,,,,,강원도 영월군청,2018-08-31,4270000,강원도 영월군
295,강원도,영월군,내리2교(슬라브교),,강원도 영월군 김삿갓면 내리 509,소교량,영월군 고시 제2018-112호,2018-05-30,,,37.107064,128.675331,,,,,강원도 영월군청,2018-08-31,4270000,강원도 영월군
296,강원도,평창시,화명동3교,,강원도 평창군 봉평면 흥정리 130,소교량,2016-146,2016-12-28,재해위험도평가결과 등급반영(불량),,37.671168,128.337770,25,6,,033-330-2396,평창군,2019-05-28,4280000,강원도 평창군
297,강원도,평창시,작은방덕교,,강원도 평창군 용평면 용전리 223-1,소교량,2016-146,2016-12-28,재해위험도평가결과 등급반영(불량),,37.601848,128.435854,10,6,,033-330-2396,평창군,2019-05-28,4280000,강원도 평창군
298,강원도,평창시,동산교,,강원도 평창군 진부면 동산리 163-1,소교량,2016-146,2016-12-28,재해위험도평가결과 등급반영(불량),,37.707767,128.596687,70,12,,033-330-2396,평창군,2019-05-28,4280000,강원도 평창군
299,강원도,평창시,골말1교,,강원도 평창군 대관령면 유천리 산363-1,소교량,2016-146,2016-12-28,재해위험도평가결과 등급반영(불량),,37.677447,128.607612,10,4,,033-330-2396,평창군,2019-05-28,4280000,강원도 평창군
300,강원도,평창시,대미,,강원도 평창군 방림면 계촌리 613,농로,2016-146,2016-12-28,재해위험도평가결과 등급반영(불량),,37.488492,128.307249,150,6,,033-330-2396,평창군,2019-05-28,4280000,강원도 평창군
301,강원도,평창시,작은쇠판이,,강원도 평창군 봉평면 평촌리 613-3,세천,2016-146,2016-12-28,재해위험도평가결과 등급반영(불량),,37.6022507,128.3734225,500,5,,033-330-2396,평창군,2019-05-28,4280000,강원도 평창군
302,강원도,평창시,면화동,,강원도 평창군 진부면 송정리 1348-6,세천,2016-146,2016-12-28,재해위험도평가결과 등급반영(불량),,37.644953,128.571254,1300,5,,033-330-2396,평창군,2019-05-28,4280000,강원도 평창군
303,강원도,평창시,뒷번지,,강원도 평창군 진부면 수항리 275-1,세천,2016-146,2016-12-28,재해위험도평가결과 등급반영(불량),,37.559092,128.563359,1000,8,,033-330-2396,평창군,2019-05-28,4280000,강원도 평창군
304,강원도,평창시,신다우,,강원도 평창군 대관령면 유천리 840,세천,2016-146,2016-12-28,재해위험도평가결과 등급반영(불량),,37.663975,128.594009,370,3,,033-330-2396,평창군,2019-05-28,4280000,강원도 평창군
305,강원도,평창시,상리1교,,강원도 평창군 평창읍 상리 296-3,소교량,2016-146,2016-12-28,재해위험도평가결과 등급반영(불량),,37.363793,128.412708,100,7,,033-330-2396,평창군,2019-05-28,4280000,강원도 평창군
306,강원도,평창시,입탄1교,,강원도 평창군 평창읍 입탄리 837-2,소교량,2016-146,2016-12-28,재해위험도평가결과 등급반영(불량),,37.335188,128.352564,25,6,,033-330-2396,평창군,2019-05-28,4280000,강원도 평창군
307,강원도,평창시,한탄,,강원도 평창군 미탄면 한탄리 501-1,소교량,2016-146,2016-12-28,재해위험도평가결과 등급반영(불량),,37.314903,128.518366,80,6,,033-330-2396,평창군,2019-05-28,4280000,강원도 평창군
308,강원도,평창시,방이동,,강원도 평창군 방림면 계촌리 2221,소교량,2016-146,2016-12-28,재해위험도평가결과 등급반영(불량),,37.479786,128.273758932,25,6,,033-330-2396,평창군,2019-05-28,4280000,강원도 평창군
309,강원도,평창시,하축덕2교,,강원도 평창군 봉평면 유포리 684-4,소교량,2016-146,2016-12-28,재해위험도평가결과 등급반영(불량),,37.526263,128.361564,25,6,,033-330-2396,평창군,2019-05-28,4280000,강원도 평창군
310,강원도,평창시,화명동1교,,강원도 평창군 봉평면 흥정리 126,소교량,2016-146,2016-12-28,재해위험도평가결과 등급반영(불량),,37.670747,128.337748,25,6,,033-330-2396,평창군,2019-05-28,4280000,강원도 평창군
311,강원도,정선군,아랫방제마을진입로,강원도 정선군 신동읍 매화동길 81-17,강원도 정선군 신동읍 방제리389-3,마을진입로,정선군 고시 2018-91호,2018-06-14,위험도평가 결과  불량등급,,37.221111,128.691111,150,3,콘크리트도로,033-560-2158,정선군,2019-06-30,4290000,강원도 정선군
312,강원도,정선군,삼봉세천,강원도 정선군 고한읍 고한8길 39-18,강원도 정선군 고한읍 고한리산1-215,세천,정선군 고시 2018-91호,2018-06-14,위험도평가 결과  불량등급,,37.191111,128.861111,150,4,석축,033-560-2158,정선군,2019-06-30,4290000,강원도 정선군
313,강원도,정선군,고한소2교,강원도 정선군 고한읍 두문동길 11,강원도 정선군 고한읍 고한리산177-2,소교량,정선군 고시 2018-91호,2018-06-14,위험도평가 결과  불량등급,,37.211111,128.891111,17,4,날개벽 4개소,033-560-2158,정선군,2019-06-30,4290000,강원도 정선군
314,강원도,인제군,쇠물 잠수2교,,강원도 인제군 인제읍 귀둔리903-13,소교량,2017-9호,2017-01-10,,,38.03362049,128.3463498,14,6,,033-460-2094,강원도 인제군청,2019-09-03,4330000,강원도 인제군
315,강원도,인제군,피안 3교,,강원도 인제군 인제읍 귀둔리 394,소교량,2017-9호,2017-01-10,,,38.02699438,128.3850689,4,6,,033-460-2094,강원도 인제군청,2019-09-03,4330000,강원도 인제군
316,강원도,인제군,다묵리 새마을1교,,강원도 인제군 인제읍 가리산리 302-1,소교량,2017-9호,2017-01-10,,,38.0697396,128.3314765,5,6,,033-460-2094,강원도 인제군청,2019-09-03,4330000,강원도 인제군
317,강원도,인제군,잔다리 새마을1교,,강원도 인제군 서화면 서흥리 915-3,소교량,2017-9호,2017-01-10,,,38.20594117,128.2014357,3,5,,033-460-2094,강원도 인제군청,2019-09-03,4330000,강원도 인제군
318,강원도,인제군,왜골무명2교,,강원도 인제군 상남면 하남리 1285,소교량,2017-9호,2017-01-10,,,37.9303945,128.2752356,37,6,,033-460-2094,강원도 인제군청,2019-09-03,4330000,강원도 인제군
319,강원도,인제군,하가산 새마을5교,,강원도 인제군 상남면 하남리 530,소교량,2017-9호,2017-01-10,,,37.91048172,128.2996198,3,6,,033-460-2094,강원도 인제군청,2019-09-03,4330000,강원도 인제군
320,강원도,인제군,동작 새마을2교,,강원도 인제군 남면 어론리 700-2,소교량,2017-9호,2017-01-10,,,37.93534656,128.0651861,4,6,,033-460-2094,강원도 인제군청,2019-09-03,4330000,강원도 인제군
321,강원도,인제군,통골 새마을3교,,강원도 인제군 남면 수산리 474-1,소교량,2017-9호,2017-01-10,,,37.97669399,128.0148840,12,6,,033-460-2094,강원도 인제군청,2019-09-03,4330000,강원도 인제군
322,강원도,인제군,통골 새마을2교,,강원도 인제군 남면 수산리 352,소교량,2017-9호,2017-01-10,,,37.9761410,128.0200425,10,6,,033-460-2094,강원도 인제군청,2019-09-03,4330000,강원도 인제군
323,강원도,인제군,통골 무명1교,,강원도 인제군 남면 수산리 353-2,소교량,2017-9호,2017-01-10,,,37.97642261,128.0214111,9,6,,033-460-2094,강원도 인제군청,2019-09-03,4330000,강원도 인제군
324,강원도,인제군,남박골 무명1교,,강원도 인제군 남면 남전리 310-15,소교량,2017-9호,2017-01-10,,,38.01403012,128.1535979,12,6,,033-460-2094,강원도 인제군청,2019-09-03,4330000,강원도 인제군
325,강원도,인제군,소치 무명1교,,강원도 인제군 남면 소치리 산 21,소교량,2017-9호,2017-01-10,,,37.96248476,128.1300684,7,6,,033-460-2094,강원도 인제군청,2019-09-03,4330000,강원도 인제군
326,강원도,인제군,소치 새마을10교,,강원도 인제군 남면 소치리 483,소교량,2017-9호,2017-01-10,,,37.95725641,128.1399481,7,6,,033-460-2094,강원도 인제군청,2019-09-03,4330000,강원도 인제군
327,강원도,인제군,소치 새마을9교,,강원도 인제군 남면 소치리 483,소교량,2017-9호,2017-01-10,,,37.95725641,128.1399481,7,6,,033-460-2094,강원도 인제군청,2019-09-03,4330000,강원도 인제군
328,강원도,인제군,매화동새마을1교,,강원도 인제군 상남면 하남리 1141-2,소교량,2017-9호,2017-01-10,,,37.9111947,128.2771846,29,5,,033-460-2094,강원도 인제군청,2019-09-03,4330000,강원도 인제군
329,강원도,인제군,쇠물 잠수1교,,강원도 인제군 인제읍 귀둔리 896,소교량,2017-9호,2017-01-10,,,38.0324453,128.3527985,6,5,,033-460-2094,강원도 인제군청,2019-09-03,4330000,강원도 인제군
330,강원도,인제군,소치 새마을8교,,강원도 인제군 남면 소치리 483,소교량,2017-9호,2017-01-10,,,37.95725641,128.1399481,5,6,,033-460-2094,강원도 인제군청,2019-09-03,4330000,강원도 인제군
165,강원도,삼척시,무명고무릉교,,강원도 삼척시 신기면 고무릉리185,소교량,삼척시 고시 제2017?1호,2017-01-02,,,37.3454922949,129.0511431533,14,6,,033-570-3886,강원도 삼척시청,2019-05-23,4240000,강원도 삼척시
166,강원도,삼척시,하맹방1교,,강원도 삼척시 근덕면 하맹방리120,소교량,삼척시 고시 제2017?1호,2017-01-02,,,37.3893175326,129.2257381810,15,7,,033-570-3886,강원도 삼척시청,2019-05-23,4240000,강원도 삼척시
167,강원도,삼척시,해강정교,,강원도 삼척시 신기면 신기리410-2,소교량,삼척시 고시 제2017?1호,2017-01-02,,,37.356335,129.089546,81,6,,033-570-3886,강원도 삼척시청,2019-05-23,4240000,강원도 삼척시
168,강원도,삼척시,장원소교,,강원도 삼척시 도계읍 도계리256,소교량,삼척시 고시 제2017?1호,2017-01-02,,,37.2313565947,129.0485826641,24,5,,033-570-3886,강원도 삼척시청,2019-05-23,4240000,강원도 삼척시
169,강원도,삼척시,내미로무명3,,강원도 삼척시 미로면 내미로리493,소교량,삼척시 고시 제2017?1호,2017-01-02,,,37.4427575565,129.0637876832,16,4,,033-570-3886,강원도 삼척시청,2019-05-23,4240000,강원도 삼척시
170,강원도,삼척시,한소1교,,강원도 삼척시 하장면 한소리 137,소교량,삼척시 고시 제2017?1호,2017-01-02,,,37.2547641075,128.8920817026,16,7,,033-570-3886,강원도 삼척시청,2019-05-23,4240000,강원도 삼척시
171,강원도,삼척시,무명(인도교),,강원도 삼척시 도계읍 흥전리 168-20,소교량,삼척시 고시 제2017?1호,2017-01-02,,,37.2006356232,129.035692,25,3,,033-570-3886,강원도 삼척시청,2019-05-23,4240000,강원도 삼척시
172,강원도,삼척시,승지골,,강원도 삼척시 원덕읍 이천리 산 280,마을진입로,삼척시 고시 제2017?1호,2017-01-02,,,37.196873,129.2575927467,,3,,033-570-3886,강원도 삼척시청,2019-05-23,4240000,강원도 삼척시
173,강원도,삼척시,수정교,,강원도 삼척시 도계읍 도계리 266-3,소교량,삼척시 고시 제2017?1호,2017-01-02,,,37.2317730858,129.0474907735,16,5,,033-570-3886,강원도 삼척시청,2019-05-23,4240000,강원도 삼척시
174,강원도,삼척시,개산리고봉암,,강원도 삼척시 노곡면 개산리 산 20,마을진입로,삼척시 고시 제2017?1호,2017-01-02,,,37.333917,129.1863621366,600,3,,033-570-3886,강원도 삼척시청,2019-05-23,4240000,강원도 삼척시
175,강원도,삼척시,압실세천,,강원도 삼척시 도계읍 발이리 318,세천,삼척시 고시 제2017?1호,2017-01-02,,,37.2958723589,129.0575373373,300,4,,033-570-3886,강원도 삼척시청,2019-05-23,4240000,강원도 삼척시
176,강원도,삼척시,샛골세천,,강원도 삼척시 하장면 번천리 209,세천,삼척시 고시 제2017?1호,2017-01-02,,,37.3787174493,128.9769912602,300,6,,033-570-3886,강원도 삼척시청,2019-05-23,4240000,강원도 삼척시
177,강원도,삼척시,금계소농로,,강원도 삼척시 근덕면 금계리 193,마을진입로,삼척시 고시 제2017?1호,2017-01-02,,,37.3973353,129.176623,500,3,,033-570-3886,강원도 삼척시청,2019-05-23,4240000,강원도 삼척시
178,강원도,삼척시,묵점세천,,강원도 삼척시 도계읍 흥전리 102,세천,삼척시 고시 제2017?1호,2017-01-02,,,37.2150757145,129.0392236,200,3,,033-570-3886,강원도 삼척시청,2019-05-23,4240000,강원도 삼척시
179,강원도,삼척시,초롱골세천,,강원도 삼척시 미로면 내미로리 293,세천,삼척시 고시 제2017?1호,2017-01-02,,,37.4516357517,129.0609476691,200,2,,033-570-3886,강원도 삼척시청,2019-05-23,4240000,강원도 삼척시
180,강원도,삼척시,궁촌1리,,강원도 삼척시 근덕면 궁촌리 337-10,세천,삼척시 고시 제2017?1호,2017-01-02,,,37.3284784333,129.2611238535,150,3,,033-570-3886,강원도 삼척시청,2019-05-23,4240000,강원도 삼척시
181,강원도,삼척시,교곡소농로1,,강원도 삼척시 근덕면 교곡리 852-3,마을진입로,삼척시 고시 제2017?1호,2017-01-02,,,37.3748475849,129.1934830198,600,3,,033-570-3886,강원도 삼척시청,2019-05-23,4240000,강원도 삼척시
182,강원도,삼척시,하 전 길,,강원도 삼척시 가곡면 오목리 48,마을진입로,삼척시 고시 제2017?1호,2017-01-02,,,37.163353,129.193519,350,3,,033-570-3886,강원도 삼척시청,2019-05-23,4240000,강원도 삼척시
183,강원도,삼척시,백진2리2교,,강원도 삼척시 하장면 한소리 137,소교량,삼척시 고시 제2017?1호,2017-01-02,,,37.2547641075,128.8920817026,16,4,,033-570-3886,강원도 삼척시청,2019-05-23,4240000,강원도 삼척시
184,강원도,삼척시,구방사,,강원도 삼척시 미로면 상거노리 산152,마을진입로,삼척시 고시 제2017?1호,2017-01-02,,,37.4053872939,129.1238121884,200,3,,033-570-3886,강원도 삼척시청,2019-05-23,4240000,강원도 삼척시
185,강원도,삼척시,초곡2리,,강원도 삼척시 근덕면 초곡리 288-3,세천,삼척시 고시 제2017?1호,2017-01-02,,,37.3095564592,129.286539,90,2,,033-570-3886,강원도 삼척시청,2019-05-23,4240000,강원도 삼척시
186,강원도,삼척시,용화암거,,강원도 삼척시 근덕면 용화리 428,소교량,삼척시 고시 제2017?1호,2017-01-02,,,37.2709856,129.2930211,30,6,,033-570-3886,강원도 삼척시청,2019-05-23,4240000,강원도 삼척시
187,강원도,삼척시,고무능교,,강원도 삼척시 신기면 고무릉리 113-4,소교량,삼척시 고시 제2017?1호,2017-01-02,,,37.3446008,129.0557134749,33,8,,033-570-3886,강원도 삼척시청,2019-05-23,4240000,강원도 삼척시
188,강원도,삼척시,오상촌교,,강원도 삼척시 도계읍 신리 62-3,소교량,삼척시 고시 제2017?1호,2017-01-02,,,37.1794201,129.145982,10,6,,033-570-3886,강원도 삼척시청,2019-05-23,4240000,강원도 삼척시
189,강원도,삼척시,늑밭골세천,,강원도 삼척시 미로면 내미로리 258,세천,삼척시 고시 제2017?1호,2017-01-02,,,37.4501271007,129.0632089880,300,2,,033-570-3886,강원도 삼척시청,2019-05-23,4240000,강원도 삼척시
190,강원도,삼척시,피박골천,,강원도 삼척시 근덕면 궁촌리741,세천,삼척시 고시 제2017?1호,2017-01-02,,,37.3011171298,129.2562690425,180,3,,033-570-3886,강원도 삼척시청,2019-05-23,4240000,강원도 삼척시
191,강원도,삼척시,하월천,,강원도 삼척시 원덕읍 월천리120,세천,삼척시 고시 제2017?1호,2017-01-02,,,37.1590091,129.355444,150,3,,033-570-3886,강원도 삼척시청,2019-05-23,4240000,강원도 삼척시
192,강원도,삼척시,빙동천1,,강원도 삼척시 가곡면 동활리73-1,세천,삼척시 고시 제2017?1호,2017-01-02,,,37.1380705742,129.1510881167,140,3,,033-570-3886,강원도 삼척시청,2019-05-23,4240000,강원도 삼척시
193,강원도,삼척시,사하세천,,강원도 삼척시 신기면 서하리109,세천,삼척시 고시 제2017?1호,2017-01-02,,,37.3485110,129.0675498165,100,2,,033-570-3886,강원도 삼척시청,2019-05-23,4240000,강원도 삼척시
194,강원도,삼척시,사청세천,,강원도 삼척시 신기면 신기리 357-96,세천,삼척시 고시 제2017?1호,2017-01-02,,,37.353559,129.096756,100,2,,033-570-3886,강원도 삼척시청,2019-05-23,4240000,강원도 삼척시
195,강원도,삼척시,내삼방천,,강원도 삼척시 가곡면 풍곡리183,세천,삼척시 고시 제2017?1호,2017-01-02,,,37.1022783961,129.1795338118,100,6,,033-570-3886,강원도 삼척시청,2019-05-23,4240000,강원도 삼척시
196,강원도,삼척시,검봉천,,강원도 삼척시 원덕읍 임원리1134,세천,삼척시 고시 제2017?1호,2017-01-02,,,37.242737,129.3122855877,100,4,,033-570-3886,강원도 삼척시청,2019-05-23,4240000,강원도 삼척시
197,강원도,삼척시,매바위골세천,,강원도 삼척시 도계읍 흥전리209-2,세천,삼척시 고시 제2017?1호,2017-01-02,,,37.224397,129.0287181844,70,3,,033-570-3886,강원도 삼척시청,2019-05-23,4240000,강원도 삼척시
198,강원도,삼척시,대평소농로,,강원도 삼척시 신기면 대평리408-2,농로,삼척시 고시 제2017?1호,2017-01-02,,,37.3385772436,129.084936,90,3,,033-570-3886,강원도 삼척시청,2019-05-23,4240000,강원도 삼척시
199,강원도,삼척시,신기소농로,,강원도 삼척시 신기면 신기리145-5,농로,삼척시 고시 제2017?1호,2017-01-02,,,37.3447296190,129.084704,60,3,,033-570-3886,강원도 삼척시청,2019-05-23,4240000,강원도 삼척시
200,강원도,삼척시,수릉1교,,강원도 삼척시 원덕읍 옥원리27,소교량,삼척시 고시 제2017?1호,2017-01-02,,,37.1900039781,129.328731,11,6,,033-570-3886,강원도 삼척시청,2019-05-23,4240000,강원도 삼척시
201,강원도,삼척시,용천교,,강원도 삼척시 하장면 둔전리27-3,소교량,삼척시 고시 제2017?1호,2017-01-02,,,37.2936909716,128.8866432223,16,7,,033-570-3886,강원도 삼척시청,2019-05-23,4240000,강원도 삼척시
202,강원도,삼척시,늑구리,,강원도 삼척시 도계읍 늑구리 산54,마을진입로,삼척시 고시 제2017?1호,2017-01-02,,,37.271243,129.060591,40,4,,033-570-3886,강원도 삼척시청,2019-05-23,4240000,강원도 삼척시
203,강원도,삼척시,소내교,,강원도 삼척시 하장면 중봉리산1-3,소교량,삼척시 고시 제2017?1호,2017-01-02,,,37.3986342265,128.9342019303,32,8,,033-570-3886,강원도 삼척시청,2019-05-23,4240000,강원도 삼척시
204,강원도,삼척시,평지교,,강원도 삼척시 하장면 번천리51,소교량,삼척시 고시 제2017?1호,2017-01-02,,,37.3803909661,129.0056189081,20,5,,033-570-3886,강원도 삼척시청,2019-05-23,4240000,강원도 삼척시
205,강원도,삼척시,미리터교,,강원도 삼척시 노곡면 하마읍리277-1,소교량,삼척시 고시 제2017?1호,2017-01-02,,,37.2775182521,129.168585816,17,4,,033-570-3886,강원도 삼척시청,2019-05-23,4240000,강원도 삼척시
206,강원도,삼척시,상마읍1교,,강원도 삼척시 노곡면 상마읍리114,소교량,삼척시 고시 제2017?1호,2017-01-02,,,37.2455090324,129.1703855,25,6,,033-570-3886,강원도 삼척시청,2019-05-23,4240000,강원도 삼척시
207,강원도,삼척시,중마읍교,,강원도 삼척시 노곡면 중마읍리31,소교량,삼척시 고시 제2017?1호,2017-01-02,,,37.261304,129.1765456272,33,5,,033-570-3886,강원도 삼척시청,2019-05-23,4240000,강원도 삼척시
208,강원도,삼척시,나한정교,,강원도 삼척시 도계읍 심포리249-4,소교량,삼척시 고시 제2017?1호,2017-01-02,,,37.1923430424,129.0350485,20,4,,033-570-3886,강원도 삼척시청,2019-05-23,4240000,강원도 삼척시
209,강원도,삼척시,수목원교,,강원도 삼척시 노곡면 하마읍리269,소교량,삼척시 고시 제2017?1호,2017-01-02,,,37.278816,129.1724975505,20,4,,033-570-3886,강원도 삼척시청,2019-05-23,4240000,강원도 삼척시
210,강원도,삼척시,가는골천,,강원도 삼척시 가곡면 오목리149-1,세천,삼척시 고시 제2017?1호,2017-01-02,,,37.164408,129.1916938696,800,5,,033-570-3886,강원도 삼척시청,2019-05-23,4240000,강원도 삼척시
211,강원도,삼척시,큰거리세천,,강원도 삼척시 신기면 안의리164,세천,삼척시 고시 제2017?1호,2017-01-02,,,37.3367018351,129.0796519632,700,2,,033-570-3886,강원도 삼척시청,2019-05-23,4240000,강원도 삼척시
212,강원도,삼척시,긴송이고개,,강원도 삼척시 근덕면 광태리40-4,세천,삼척시 고시 제2017?1호,2017-01-02,,,37.352362,129.2352420680,400,5,,033-570-3886,강원도 삼척시청,2019-05-23,4240000,강원도 삼척시
213,강원도,삼척시,흔덕골세천,,강원도 삼척시 미로면 내미로리790,세천,삼척시 고시 제2017?1호,2017-01-02,,,37.4457953922,129.0510588043,300,3,,033-570-3886,강원도 삼척시청,2019-05-23,4240000,강원도 삼척시
214,강원도,삼척시,민태골,,강원도 삼척시 근덕면 교곡리590,세천,삼척시 고시 제2017?1호,2017-01-02,,,37.3450867048,129.2051212951,300,2,,033-570-3886,강원도 삼척시청,2019-05-23,4240000,강원도 삼척시
215,강원도,삼척시,제밑말세천,,강원도 삼척시 신기면 대기리86,세천,삼척시 고시 제2017?1호,2017-01-02,,,37.3184944740,129.0447595702,200,5,,033-570-3886,강원도 삼척시청,2019-05-23,4240000,강원도 삼척시
216,강원도,삼척시,물방아골세천,,강원도 삼척시 미로면 활기리366-1,세천,삼척시 고시 제2017?1호,2017-01-02,,,37.3799502220,129.0622971617,200,4,,033-570-3886,강원도 삼척시청,2019-05-23,4240000,강원도 삼척시
217,강원도,삼척시,번천소농로2,,강원도 삼척시 하장면 번천리129-2,농로,삼척시 고시 제2017?1호,2017-01-02,,,37.3666403879,128.999033,280,3,,033-570-3886,강원도 삼척시청,2019-05-23,4240000,강원도 삼척시
218,강원도,삼척시,용화정사천,,강원도 삼척시 가곡면 동활리61,세천,삼척시 고시 제2017?1호,2017-01-02,,,37.1383137559,129.1547742097,150,4,,033-570-3886,강원도 삼척시청,2019-05-23,4240000,강원도 삼척시
219,강원도,삼척시,빙동천3,,강원도 삼척시 가곡면 동활리78,세천,삼척시 고시 제2017?1호,2017-01-02,,,37.1391223865,129.150758,80,4,,033-570-3886,강원도 삼척시청,2019-05-23,4240000,강원도 삼척시
220,강원도,삼척시,빙동천2,,강원도 삼척시 가곡면 동활리76-1,세천,삼척시 고시 제2017?1호,2017-01-02,,,37.138442,129.1505843277,110,3,,033-570-3886,강원도 삼척시청,2019-05-23,4240000,강원도 삼척시
221,강원도,삼척시,중간마을세천,,강원도 삼척시 신기면 고무릉리171,세천,삼척시 고시 제2017?1호,2017-01-02,,,37.346042,129.0484209735,100,4,,033-570-3886,강원도 삼척시청,2019-05-23,4240000,강원도 삼척시
222,강원도,삼척시,덕말세천,,강원도 삼척시 신기면 대이리124,세천,삼척시 고시 제2017?1호,2017-01-02,,,37.329252,129.025392,100,5,,033-570-3886,강원도 삼척시청,2019-05-23,4240000,강원도 삼척시
413,강원도,양양군,곰밭길,,강원도 양양군 서면 용천리 354-5,농로,양양군 고시 제2017-31호,2017-03-14,위험도 평가 실시,,38.049261,128.604013,300,4,,033-670-2471,강원도 양양군청,2019-06-30,4350000,강원도 양양군
414,강원도,양양군,논화골 2교,,강원도 양양군 서면 논화리 336-6,소교량,양양군 고시 제2017-31호,2017-03-14,위험도 평가 실시,,38.072146,128.561035,6,5,,033-670-2471,강원도 양양군청,2019-06-30,4350000,강원도 양양군
415,강원도,양양군,논화골 3교,,강원도 양양군 서면 논화리 288,소교량,양양군 고시 제2017-31호,2017-03-14,위험도 평가 실시,2018-08-02,38.0716286,128.5626568,6,5,,033-670-2471,강원도 양양군청,2019-06-30,4350000,강원도 양양군
416,강원도,양양군,서선골 1교,,강원도 양양군 서면 서선리 209,소교량,양양군 고시 제2017-31호,2017-03-14,위험도 평가 실시,,38.092144,128.563364,6,5,,033-670-2471,강원도 양양군청,2019-06-30,4350000,강원도 양양군
417,강원도,양양군,서선골 2교,,강원도 양양군 서면 서선리 193-2,소교량,양양군 고시 제2017-31호,2017-03-14,위험도 평가 실시,,38.089300,128.564791,6,5,,033-670-2471,강원도 양양군청,2019-06-30,4350000,강원도 양양군
418,강원도,양양군,서선골 3교,,강원도 양양군 서면 서선리 171,소교량,양양군 고시 제2017-31호,2017-03-14,위험도 평가 실시,,38.087344,128.565757,6,5,,033-670-2471,강원도 양양군청,2019-06-30,4350000,강원도 양양군
419,강원도,양양군,갈랑골 1교,,강원도 양양군 서면 논화리 375,소교량,양양군 고시 제2017-31호,2017-03-14,위험도 평가 실시,,38.059134,128.557922,3,3,,033-670-2471,강원도 양양군청,2019-06-30,4350000,강원도 양양군
420,강원도,양양군,학포2교,,강원도 양양군 손양면 학포리 78,소교량,양양군 고시 제2017-31호,2017-03-14,위험도 평가 실시,,38.079502,128.659786,7,4,,033-670-2471,강원도 양양군청,2019-06-30,4350000,강원도 양양군
421,강원도,양양군,학포3교,,강원도 양양군 손양면 학포리 98-6,소교량,양양군 고시 제2017-31호,2017-03-14,위험도 평가 실시,,38.077103,128.658279,7,4,,033-670-2471,강원도 양양군청,2019-06-30,4350000,강원도 양양군
422,강원도,양양군,잔교교,,강원도 양양군 현북면 잔교리 66,소교량,양양군 고시 제2017-31호,2017-03-14,위험도 평가 실시,,38.001348,128.727538,10,5,,033-670-2471,강원도 양양군청,2019-06-30,4350000,강원도 양양군
423,강원도,양양군,잔교골1교,,강원도 양양군 현북면 잔교리 164-2,소교량,양양군 고시 제2017-31호,2017-03-14,위험도 평가 실시,,37.996338,128.722157,5,4,,033-670-2471,강원도 양양군청,2019-06-30,4350000,강원도 양양군
424,강원도,양양군,잔교골2교,,강원도 양양군 현북면 잔교리 154-1,소교량,양양군 고시 제2017-31호,2017-03-14,위험도 평가 실시,,37.995285,128.722159,5,3,,033-670-2471,강원도 양양군청,2019-06-30,4350000,강원도 양양군
425,강원도,양양군,고인돌교,,강원도 양양군 서면 범부리 392,소교량,양양군 고시 제2017-31호,2017-03-14,위험도 평가 실시,,38.056719,128.588714,8,5,,033-670-2471,강원도 양양군청,2019-06-30,4350000,강원도 양양군
426,강원도,양양군,잔교골3교,,강원도 양양군 현북면 잔교리 476-2,소교량,양양군 고시 제2017-31호,2017-03-14,위험도 평가 실시,,37.993747,128.721106,5,3,,033-670-2471,강원도 양양군청,2019-06-30,4350000,강원도 양양군
427,강원도,양양군,돌골 새마을교,,강원도 양양군 현남면 인구리 255-1,소교량,양양군 고시 제2017-31호,2017-03-14,위험도 평가 실시,,37.964475,128.757301,8,5,,033-670-2471,강원도 양양군청,2019-06-30,4350000,강원도 양양군
428,강원도,양양군,송아골,,강원도 양양군 양양읍 감곡리 431,세천,양양군 고시 제2017-31호,2017-03-14,위험도 평가 실시,,38.093753,128.596070,500,1,,033-670-2471,강원도 양양군청,2019-06-30,4350000,강원도 양양군
429,강원도,양양군,멧돌골,,강원도 양양군 양양읍 감곡리 468,세천,양양군 고시 제2017-31호,2017-03-14,위험도 평가 실시,,38.096167,128.601148,500,1.5,,033-670-2471,강원도 양양군청,2019-06-30,4350000,강원도 양양군
430,강원도,양양군,비빠지골,,강원도 양양군 양양읍 감곡리 529,세천,양양군 고시 제2017-31호,2017-03-14,위험도 평가 실시,,38.098958,128.594548,300,1.5,,033-670-2471,강원도 양양군청,2019-06-30,4350000,강원도 양양군
431,강원도,양양군,상복리장재터,,강원도 양양군 강현면 상복리 46,소교량,양양군 고시 제2017-31호,2017-03-14,위험도 평가 실시,,38.152733,128.567781,3,3,,033-670-2471,강원도 양양군청,2019-06-30,4350000,강원도 양양군
432,강원도,양양군,소마니(세구미골),,강원도 양양군 양양읍 감곡리 396,세천,양양군 고시 제2017-31호,2017-03-14,위험도 평가 실시,,38.089398,128.606953,100,1,,033-670-2471,강원도 양양군청,2019-06-30,4350000,강원도 양양군
433,강원도,양양군,소령아치,,강원도 양양군 서면 공수전리 317,세천,양양군 고시 제2017-31호,2017-03-14,위험도 평가 실시,,38.043226,128.559671,300,1,,033-670-2471,강원도 양양군청,2019-06-30,4350000,강원도 양양군
434,강원도,양양군,와리,강원도 양양군 손양면 솔미정길 28-8,강원도 양양군 손양면 와리 227,세천,양양군 고시 제2017-31호,2017-03-14,위험도 평가 실시,,38.0513176,128.6436146,150,1,,033-670-2471,강원도 양양군청,2019-06-30,4350000,강원도 양양군
435,강원도,양양군,하양혈리,강원도 양양군 손양면 솔미정길 34,강원도 양양군 손양면 하양혈리 353,세천,양양군 고시 제2017-31호,2017-03-14,위험도 평가 실시,,38.0506017,128.6440367,200,1,,033-670-2471,강원도 양양군청,2019-06-30,4350000,강원도 양양군
436,강원도,양양군,하왕도리,강원도 양양군 손양면 솔미정길 28-18,강원도 양양군 손양면 하왕도리 325,세천,양양군 고시 제2017-31호,2017-03-14,위험도 평가 실시,2018-08-02,38.0507990,128.6435496,100,1,,033-670-2471,강원도 양양군청,2019-06-30,4350000,강원도 양양군
437,강원도,양양군,동대골,,강원도 양양군 양양읍 감곡리 369,농로,양양군 고시 제2017-31호,2017-03-14,위험도 평가 실시,,38.095964,128.606118,400,3,,033-670-2471,강원도 양양군청,2019-06-30,4350000,강원도 양양군
438,강원도,양양군,멧돌골,,강원도 양양군 양양읍 감곡리 468,농로,양양군 고시 제2017-31호,2017-03-14,위험도 평가 실시,,38.096167,128.601126,400,3,,033-670-2471,강원도 양양군청,2019-06-30,4350000,강원도 양양군
439,강원도,양양군,골세골,,강원도 양양군 양양읍 감곡리 457,농로,양양군 고시 제2017-31호,2017-03-14,위험도 평가 실시,,38.097687,128.595934,500,3,,033-670-2471,강원도 양양군청,2019-06-30,4350000,강원도 양양군
440,강원도,양양군,젯마을골,,강원도 양양군 양양읍 감곡리 38-3,농로,양양군 고시 제2017-31호,2017-03-14,위험도 평가 실시,,38.094211,128.620131,300,3,,033-670-2471,강원도 양양군청,2019-06-30,4350000,강원도 양양군
441,강원도,양양군,수여리,,강원도 양양군 손양면 수여리 389,농로,양양군 고시 제2017-31호,2017-03-14,위험도 평가 실시,,38.078716,128.647133,200,3,,033-670-2471,강원도 양양군청,2019-06-30,4350000,강원도 양양군
387,강원도,양양군,황지골 1교,,강원도 양양군 서면 서림리 291,소교량,양양군 고시 제2017-31호,2017-03-14,위험도 평가 실시,,37.9714603,128.5215010,10,5,,033-670-2471,강원도 양양군청,2019-06-30,4350000,강원도 양양군
388,강원도,양양군,황지골2교,,강원도 양양군 서면 서림리 276,소교량,양양군 고시 제2017-31호,2017-03-14,위험도 평가 실시,,37.971305,128.522183,10,5,,033-670-2471,강원도 양양군청,2019-06-30,4350000,강원도 양양군
389,강원도,양양군,논화골 1교,,강원도 양양군 서면 논화리 327,소교량,양양군 고시 제2017-31호,2017-03-14,위험도 평가 실시,,38.073880,128.558183,6,5,,033-670-2471,강원도 양양군청,2019-06-30,4350000,강원도 양양군
390,강원도,양양군,달래골1교,,강원도 양양군 현남면 상월천리 113-3,소교량,양양군 고시 제2017-31호,2017-03-14,위험도 평가 실시,,37.946352,128.710400,5,3,,033-670-2471,강원도 양양군청,2019-06-30,4350000,강원도 양양군
391,강원도,양양군,달래골2교,강원도 양양군 현남면 화상천로 955-9,강원도 양양군 현남면 상월천리 173,소교량,양양군 고시 제2017-31호,2017-03-14,위험도 평가 실시,,37.945311,128.7106796,5,3,,033-670-2471,강원도 양양군청,2019-06-30,4350000,강원도 양양군
392,강원도,양양군,달래골3교,강원도 양양군 현남면 화상천로 946,강원도 양양군 현남면 상월천리 210-2,소교량,양양군 고시 제2017-31호,2017-03-14,위험도 평가 실시,,37.9442906,128.7121042,5,3,,033-670-2471,강원도 양양군청,2019-06-30,4350000,강원도 양양군
393,강원도,양양군,견불골교,,강원도 양양군 현남면 견불리 262,소교량,양양군 고시 제2017-31호,2017-03-14,위험도 평가 실시,,37.936912,128.743589,5,3,,033-670-2471,강원도 양양군청,2019-06-30,4350000,강원도 양양군
394,강원도,양양군,감나무골 1교,,강원도 양양군 현남면 죽리 213-2,소교량,양양군 고시 제2017-31호,2017-03-14,위험도 평가 실시,,37.970615,128.747525,3,3,,033-670-2471,강원도 양양군청,2019-06-30,4350000,강원도 양양군
395,강원도,양양군,감나무골 2교,,강원도 양양군 현남면 죽리 214-1,소교량,양양군 고시 제2017-31호,2017-03-14,위험도 평가 실시,,37.971033,128.747717,3,3,,033-670-2471,강원도 양양군청,2019-06-30,4350000,강원도 양양군
396,강원도,양양군,사교리 소교량,,강원도 양양군 강현면 사교리 79,소교량,양양군 고시 제2017-31호,2017-03-14,위험도 평가 실시,,38.110843,128.585288,4,3,,033-670-2471,강원도 양양군청,2019-06-30,4350000,강원도 양양군
397,강원도,양양군,중복리소교량,,강원도 양양군 강현면 중복리 374-2,소교량,양양군 고시 제2017-31호,2017-03-14,위험도 평가 실시,,38.142544,128.568271,3,3,,033-670-2471,강원도 양양군청,2019-06-30,4350000,강원도 양양군
398,강원도,양양군,태봉골1교,,강원도 양양군 강현면 하복리 14-3,소교량,양양군 고시 제2017-31호,2017-03-14,위험도 평가 실시,,38.146449,128.588801,3,8,,033-670-2471,강원도 양양군청,2019-06-30,4350000,강원도 양양군
399,강원도,양양군,태봉골2교,강원도 양양군 강현면 물치천로 218,강원도 양양군 강현면 하복리 679-2,소교량,양양군 고시 제2017-31호,2017-03-14,위험도 평가 실시,,38.1448805,128.5870276,3,3,,033-670-2471,강원도 양양군청,2019-06-30,4350000,강원도 양양군
400,강원도,양양군,방축골1교,,강원도 양양군 강현면 적은리 30-2,소교량,양양군 고시 제2017-31호,2017-03-14,위험도 평가 실시,,38.122821,128.599325,3,3,,033-670-2471,강원도 양양군청,2019-06-30,4350000,강원도 양양군
401,강원도,양양군,방축골2교,,강원도 양양군 강현면 적은리 30-2,소교량,양양군 고시 제2017-31호,2017-03-14,위험도 평가 실시,,38.122821,128.599325,3,3,,033-670-2471,강원도 양양군청,2019-06-30,4350000,강원도 양양군
402,강원도,양양군,용호1교,,강원도 양양군 강현면 용호리 185-5,소교량,양양군 고시 제2017-31호,2017-03-14,위험도 평가 실시,,38.127592,128.613418,5,3,,033-670-2471,강원도 양양군청,2019-06-30,4350000,강원도 양양군
403,강원도,양양군,용호2교,,강원도 양양군 강현면 용호리 211-1,소교량,양양군 고시 제2017-31호,2017-03-14,위험도 평가 실시,,38.127799,128.610517,5,3,,033-670-2471,강원도 양양군청,2019-06-30,4350000,강원도 양양군
404,강원도,양양군,도적골,,강원도 양양군 양양읍 사천리 62,세천,양양군 고시 제2017-31호,2017-03-14,위험도 평가 실시,,38.112696,128.618149,150,1,,033-670-2471,강원도 양양군청,2019-06-30,4350000,강원도 양양군
405,강원도,양양군,구영자리,,강원도 양양군 양양읍 정손리 55,세천,양양군 고시 제2017-31호,2017-03-14,위험도 평가 실시,,38.098036,128.620008,400,2,,033-670-2471,강원도 양양군청,2019-06-30,4350000,강원도 양양군
406,강원도,양양군,메깨골,,강원도 양양군 양양읍 감곡리 498,세천,양양군 고시 제2017-31호,2017-03-14,위험도 평가 실시,,38.097939,128.597896,400,1,,033-670-2471,강원도 양양군청,2019-06-30,4350000,강원도 양양군
407,강원도,양양군,상왕도리 다수개,,강원도 양양군 손양면 상왕도리 160,농로,양양군 고시 제2017-31호,2017-03-14,위험도 평가 실시,,38.050941,128.633291,200,3,,033-670-2471,강원도 양양군청,2019-06-30,4350000,강원도 양양군
408,강원도,양양군,상운리,,강원도 양양군 손양면 상운리 9-2,농로,양양군 고시 제2017-31호,2017-03-14,위험도 평가 실시,,38.039195,128.694235,200,3,,033-670-2471,강원도 양양군청,2019-06-30,4350000,강원도 양양군
409,강원도,양양군,상운리,,강원도 양양군 손양면 상운리 323,마을진입로,양양군 고시 제2017-31호,2017-03-14,위험도 평가 실시,,38.0405844687,128.683427219,100,4,,033-670-2471,강원도 양양군청,2019-06-30,4350000,강원도 양양군
410,강원도,양양군,학포리,,강원도 양양군 손양면  학포리 134-4,마을진입로,양양군 고시 제2017-31호,2017-03-14,위험도 평가 실시,2018-08-02,38.075852,128.654917,100,4,,033-670-2471,강원도 양양군청,2019-06-30,4350000,강원도 양양군
411,강원도,양양군,송현리,,강원도 양양군 손양면 송현리 650,마을진입로,양양군 고시 제2017-31호,2017-03-14,위험도 평가 실시,,38.071951,128.643129,200,3,,033-670-2471,강원도 양양군청,2019-06-30,4350000,강원도 양양군
412,강원도,양양군,간곡리수암골,,강원도 양양군 강현면 간곡리 135,마을진입로,양양군 고시 제2017-31호,2017-03-14,위험도 평가 실시,,38.124113,128.564113,400,3,,033-670-2471,강원도 양양군청,2019-06-30,4350000,강원도 양양군
