시군구코드,법정동코드,행정동코드,시도명,시군구명,법정동명,행정동명
11740,10300,526,서울특별시,강동구,상일동,상일제2동
11740,10300,525,서울특별시,강동구,상일동,상일제1동
11290,10300,620,서울특별시,성북구,돈암동,정릉제1동
11530,11200,800,서울특별시,구로구,항동,항동
11305,10300,635,서울특별시,강북구,수유동,수유3동
11305,10200,595,서울특별시,강북구,번동,번1동
11305,10200,608,서울특별시,강북구,번동,번3동
11305,10300,625,서울특별시,강북구,수유동,수유2동
11305,10200,603,서울특별시,강북구,번동,번2동
11305,10300,615,서울특별시,강북구,수유동,수유1동
11410,11200,555,서울특별시,서대문구,대현동,북아현동
11500,10500,630,서울특별시,강서구,마곡동,방화제1동
11500,10500,620,서울특별시,강서구,마곡동,공항동
11500,10900,620,서울특별시,강서구,방화동,공항동
11500,10800,630,서울특별시,강서구,공항동,방화제1동
11440,10200,610,서울특별시,마포구,공덕동,염리동
11710,10800,647,서울특별시,송파구,문정동,위례동
11710,11300,647,서울특별시,송파구,거여동,위례동
11710,10900,647,서울특별시,송파구,장지동,위례동
11500,10400,510,서울특별시,강서구,가양동,염창동
11230,10400,600,서울특별시,동대문구,전농동,답십리제1동
11500,10500,611,서울특별시,강서구,마곡동,발산제1동
11140,16200,665,서울특별시,중구,신당동,동화동
11140,16400,615,서울특별시,중구,무학동,신당동
11140,16200,625,서울특별시,중구,신당동,다산동
11140,16200,635,서울특별시,중구,신당동,약수동
11140,16300,615,서울특별시,중구,흥인동,신당동
11140,16200,615,서울특별시,중구,신당동,신당동
11140,16200,645,서울특별시,중구,신당동,청구동
11110,17300,650,서울특별시,종로구,명륜3가,혜화동
11110,13000,650,서울특별시,종로구,와룡동,혜화동
11350,10300,595,서울특별시,노원구,공릉동,공릉1동
11110,11900,615,서울특별시,종로구,세종로,종로1.2.3.4가동
11230,10100,536,서울특별시,동대문구,신설동,용신동
11230,10200,536,서울특별시,동대문구,용두동,용신동
11230,10300,545,서울특별시,동대문구,제기동,제기동
11680,11000,545,서울특별시,강남구,압구정동,압구정동
11680,11400,670,서울특별시,강남구,일원동,개포2동
11680,10400,565,서울특별시,강남구,청담동,청담동
11680,10700,545,서울특별시,강남구,신사동,압구정동
11350,10600,625,서울특별시,노원구,중계동,중계제23동
11110,10500,515,서울특별시,종로구,창성동,청운효자동
11110,10300,515,서울특별시,종로구,궁정동,청운효자동
11110,11900,515,서울특별시,종로구,세종로,청운효자동
11110,10800,515,서울특별시,종로구,통인동,청운효자동
11110,10400,515,서울특별시,종로구,효자동,청운효자동
11110,11000,515,서울특별시,종로구,누하동,청운효자동
11110,10100,515,서울특별시,종로구,청운동,청운효자동
11110,10200,515,서울특별시,종로구,신교동,청운효자동
11110,11100,515,서울특별시,종로구,옥인동,청운효자동
11110,10900,515,서울특별시,종로구,누상동,청운효자동
11620,10200,775,서울특별시,관악구,신림동,난곡동
11620,10200,745,서울특별시,관악구,신림동,삼성동
11620,10200,655,서울특별시,관악구,신림동,신원동
11560,10600,535,서울특별시,영등포구,영등포동5가,영등포동
11560,11900,605,서울특별시,영등포구,문래동1가,문래동
11620,10100,615,서울특별시,관악구,봉천동,중앙동
11620,10100,595,서울특별시,관악구,봉천동,청룡동
11560,12200,605,서울특별시,영등포구,문래동4가,문래동
11560,12300,605,서울특별시,영등포구,문래동5가,문래동
11620,10100,585,서울특별시,관악구,봉천동,낙성대동
11620,10100,525,서울특별시,관악구,봉천동,보래매동
11560,10900,535,서울특별시,영등포구,영등포동8가,영등포동
11560,12400,605,서울특별시,영등포구,문래동6가,문래동
11560,12000,605,서울특별시,영등포구,문래동2가,문래동
11620,10100,605,서울특별시,관악구,봉천동,은천동
11620,10200,765,서울특별시,관악구,신림동,미성동
11560,10200,535,서울특별시,영등포구,영등포동1가,영등포동
11560,10400,535,서울특별시,영등포구,영등포동3가,영등포동
11560,11800,585,서울특별시,영등포구,도림동,도림동
11560,10100,535,서울특별시,영등포구,영등포동,영등포동
11560,12100,605,서울특별시,영등포구,문래동3가,문래동
11560,13200,515,서울특별시,영등포구,신길동,영등포본동
11620,10200,695,서울특별시,관악구,신림동,신림동
11620,10200,715,서울특별시,관악구,신림동,난향동
11620,10200,665,서울특별시,관악구,신림동,서림동
11560,10800,535,서울특별시,영등포구,영등포동7가,영등포동
11560,10100,515,서울특별시,영등포구,영등포동,영등포본동
11620,10200,645,서울특별시,관악구,신림동,서원동
11560,10500,535,서울특별시,영등포구,영등포동4가,영등포동
11560,10700,535,서울특별시,영등포구,영등포동6가,영등포동
11590,10600,630,서울특별시,동작구,동작동,사당제2동
11620,10100,575,서울특별시,관악구,봉천동,행운동
11620,10100,625,서울특별시,관악구,봉천동,인헌동
11620,10200,735,서울특별시,관악구,신림동,대학동
11620,10200,725,서울특별시,관악구,신림동,조원동
11620,10200,685,서울특별시,관악구,신림동,신사동
11620,10100,565,서울특별시,관악구,봉천동,성현동
11620,10100,545,서울특별시,관악구,봉천동,청림동
11590,10400,510,서울특별시,동작구,본동,노량진제1동
11560,10300,535,서울특별시,영등포구,영등포동2가,영등포동
11500,10600,615,서울특별시,강서구,내발산동,우장산동
11500,10300,615,서울특별시,강서구,화곡동,우장산동
11230,10200,535,서울특별시,동대문구,용두동,용두동
11200,10200,535,서울특별시,성동구,하왕십리동,왕십리도선동
11200,10100,535,서울특별시,성동구,상왕십리동,왕십리도선동
11200,11100,615,서울특별시,성동구,금호동3가,금호2.3가동
11200,10400,535,서울특별시,성동구,도선동,왕십리도선동
11200,11300,645,서울특별시,성동구,옥수동,옥수동
11200,10300,535,서울특별시,성동구,홍익동,왕십리도선동
11200,11000,615,서울특별시,성동구,금호동2가,금호2.3가동
11230,10700,705,서울특별시,동대문구,청량리동,청량리동
11740,10500,685,서울특별시,강동구,길동,길동
11305,10100,545,서울특별시,강북구,미아동,송중동
11170,12200,560,서울특별시,용산구,문배동,원효로제1동
11170,12800,625,서울특별시,용산구,한강로3가,한강로동
11305,10300,660,서울특별시,강북구,수유동,인수동
11305,10100,555,서울특별시,강북구,미아동,송천동
11170,11100,555,서울특별시,용산구,청파동3가,청파동
11305,10400,645,서울특별시,강북구,우이동,우이동
11170,12600,625,서울특별시,용산구,용산동3가,한강로동
11170,13100,685,서울특별시,용산구,한남동,한남동
11170,10900,555,서울특별시,용산구,청파동1가,청파동
11170,12700,625,서울특별시,용산구,용산동5가,한강로동
11305,10300,645,서울특별시,강북구,수유동,우이동
11170,12300,560,서울특별시,용산구,신계동,원효로제1동
11305,10100,575,서울특별시,강북구,미아동,삼각산동
11305,10100,535,서울특별시,강북구,미아동,미아동
11170,10800,555,서울특별시,용산구,서계동,청파동
11305,10100,534,서울특별시,강북구,미아동,삼양동
11170,12500,625,서울특별시,용산구,한강로2가,한강로동
11170,12400,625,서울특별시,용산구,한강로1가,한강로동
11170,11000,555,서울특별시,용산구,청파동2가,청파동
11380,10800,625,서울특별시,은평구,역촌동,역촌동
11410,10100,565,서울특별시,서대문구,충정로2가,충현동
11410,11400,585,서울특별시,서대문구,신촌동,신촌동
11410,10400,565,서울특별시,서대문구,미근동,충현동
11410,11500,585,서울특별시,서대문구,봉원동,신촌동
11410,11200,585,서울특별시,서대문구,대현동,신촌동
11410,11300,585,서울특별시,서대문구,대신동,신촌동
11410,11100,655,서울특별시,서대문구,홍제동,홍제제2동
11410,11700,615,서울특별시,서대문구,연희동,연희동
11410,11800,685,서울특별시,서대문구,홍은동,홍은제2동
11410,11600,585,서울특별시,서대문구,창천동,신촌동
11410,11000,555,서울특별시,서대문구,북아현동,북아현동
11410,10300,565,서울특별시,서대문구,합동,충현동
11410,11000,565,서울특별시,서대문구,북아현동,충현동
11410,10200,565,서울특별시,서대문구,충정로3가,충현동
11530,10300,595,서울특별시,구로구,가리봉동,가리봉동
11590,10500,605,서울특별시,동작구,흑석동,흑석동
11440,10900,555,서울특별시,마포구,염리동,아현동
11440,10200,555,서울특별시,마포구,공덕동,아현동
11440,11000,660,서울특별시,마포구,노고산동,서교동
11440,10100,565,서울특별시,마포구,아현동,공덕동
11440,10300,565,서울특별시,마포구,신공덕동,공덕동
11440,10100,555,서울특별시,마포구,아현동,아현동
11440,10400,565,서울특별시,마포구,도화동,공덕동
11440,10200,565,서울특별시,마포구,공덕동,공덕동
11440,12100,660,서울특별시,마포구,동교동,서교동
11215,10600,840,서울특별시,광진구,노유동,자양제3동
11350,10500,695,서울특별시,노원구,상계동,상계6.7동
11215,10600,847,서울특별시,광진구,노유동,자양제4동
11215,10500,847,서울특별시,광진구,자양동,자양제4동
11350,10500,665,서울특별시,노원구,상계동,상계3.4동
11260,10100,575,서울특별시,중랑구,면목동,면목제3.8동
11350,10300,605,서울특별시,노원구,공릉동,공릉1.3동
11260,10500,655,서울특별시,중랑구,망우동,망우본동
11260,10100,565,서울특별시,중랑구,면목동,면목본동
11290,11500,555,서울특별시,성북구,삼선동5가,삼선동
11290,10900,575,서울특별시,성북구,동소문동6가,동선동
11290,13500,705,서울특별시,성북구,종암동,종암동
11290,10700,525,서울특별시,성북구,동소문동4가,성북동
11290,10100,525,서울특별시,성북구,성북동,성북동
11290,11300,555,서울특별시,성북구,삼선동3가,삼선동
11290,10500,555,서울특별시,성북구,동소문동2가,삼선동
11290,11100,555,서울특별시,성북구,삼선동1가,삼선동
11290,12000,575,서울특별시,성북구,동선동5가,동선동
11290,11400,555,서울특별시,성북구,삼선동4가,삼선동
11290,13400,685,서울특별시,성북구,길음동,길음제2동
11290,10600,555,서울특별시,성북구,동소문동3가,삼선동
11290,10300,575,서울특별시,성북구,돈암동,동선동
11290,10400,525,서울특별시,성북구,동소문동1가,성북동
11290,13900,810,서울특별시,성북구,석관동,석관동
11290,11900,575,서울특별시,성북구,동선동4가,동선동
11290,10800,555,서울특별시,성북구,동소문동5가,삼선동
11290,11000,575,서울특별시,성북구,동소문동7가,동선동
11290,13600,385,서울특별시,성북구,하월곡동,길음제2동
11290,13700,725,서울특별시,성북구,상월곡동,월곡제2동
11290,11600,575,서울특별시,성북구,동선동1가,동선동
11290,11800,575,서울특별시,성북구,동선동3가,동선동
11290,11700,575,서울특별시,성북구,동선동2가,동선동
11290,10300,555,서울특별시,성북구,돈암동,삼선동
11290,11200,555,서울특별시,성북구,삼선동2가,삼선동
11290,10200,525,서울특별시,성북구,성북동1가,성북동
11290,13600,685,서울특별시,성북구,하월곡동,길음제2동
11380,11400,690,서울특별시,은평구,진관동,진관동
11440,10400,585,서울특별시,마포구,도화동,도화동
11440,10700,585,서울특별시,마포구,마포동,도화동
11440,11400,655,서울특별시,마포구,창전동,서강동
11440,11500,655,서울특별시,마포구,상수동,서강동
11440,11600,655,서울특별시,마포구,하중동,서강동
11440,11700,655,서울특별시,마포구,신정동,서강동
11440,11800,655,서울특별시,마포구,당인동,서강동
11140,15600,605,서울특별시,중구,입정동,을지로동
11140,15700,605,서울특별시,중구,산림동,을지로동
11140,15900,605,서울특별시,중구,초동,을지로동
11140,16000,605,서울특별시,중구,인현동1가,을지로동
11140,16100,605,서울특별시,중구,저동2가,을지로동
11140,15000,605,서울특별시,중구,을지로4가,을지로동
11140,15100,605,서울특별시,중구,을지로5가,을지로동
11140,15200,605,서울특별시,중구,주교동,을지로동
11140,15300,605,서울특별시,중구,방산동,을지로동
11140,15500,605,서울특별시,중구,을지로3가,을지로동
11740,11000,515,서울특별시,강동구,강일동,강일동
11740,10300,515,서울특별시,강동구,상일동,강일동
11740,10400,515,서울특별시,강동구,하일동,강일동
11110,15700,615,서울특별시,종로구,인의동,종로1.2.3.4가동
11110,12200,615,서울특별시,종로구,청진동,종로1.2.3.4가동
11110,12300,615,서울특별시,종로구,서린동,종로1.2.3.4가동
11110,12400,615,서울특별시,종로구,수송동,종로1.2.3.4가동
11110,12500,615,서울특별시,종로구,중학동,종로1.2.3.4가동
11110,12600,615,서울특별시,종로구,종로1가,종로1.2.3.4가동
11110,12700,615,서울특별시,종로구,공평동,종로1.2.3.4가동
11110,12800,615,서울특별시,종로구,관훈동,종로1.2.3.4가동
11110,12900,615,서울특별시,종로구,견지동,종로1.2.3.4가동
11110,13000,615,서울특별시,종로구,와룡동,종로1.2.3.4가동
11110,13100,615,서울특별시,종로구,권농동,종로1.2.3.4가동
11110,13200,615,서울특별시,종로구,운니동,종로1.2.3.4가동
11110,13300,615,서울특별시,종로구,익선동,종로1.2.3.4가동
11110,13400,615,서울특별시,종로구,경운동,종로1.2.3.4가동
11110,13500,615,서울특별시,종로구,관철동,종로1.2.3.4가동
11110,13600,615,서울특별시,종로구,인사동,종로1.2.3.4가동
11110,13700,615,서울특별시,종로구,낙원동,종로1.2.3.4가동
11110,13800,615,서울특별시,종로구,종로2가,종로1.2.3.4가동
11110,15000,615,서울특별시,종로구,훈정동,종로1.2.3.4가동
11110,15100,615,서울특별시,종로구,묘동,종로1.2.3.4가동
11110,15200,615,서울특별시,종로구,봉익동,종로1.2.3.4가동
11110,15300,615,서울특별시,종로구,돈의동,종로1.2.3.4가동
11110,15400,615,서울특별시,종로구,장사동,종로1.2.3.4가동
11110,15500,615,서울특별시,종로구,관수동,종로1.2.3.4가동
11110,15600,615,서울특별시,종로구,종로3가,종로1.2.3.4가동
11110,15800,615,서울특별시,종로구,예지동,종로1.2.3.4가동
11110,15900,615,서울특별시,종로구,원남동,종로1.2.3.4가동
11110,16100,615,서울특별시,종로구,종로4가,종로1.2.3.4가동
11410,10500,520,서울특별시,서대문구,냉천동,천연동
11410,10600,520,서울특별시,서대문구,천연동,천연동
11410,10700,520,서울특별시,서대문구,옥천동,천연동
11410,10800,520,서울특별시,서대문구,영천동,천연동
11410,10900,520,서울특별시,서대문구,현저동,천연동
11305,10100,565,서울특별시,강북구,미아동,미아제6.7동
11140,12300,540,서울특별시,중구,회현동3가,회현동
11140,11200,540,서울특별시,중구,남창동,회현동
11140,11600,540,서울특별시,중구,남대문로3가,회현동
11140,11700,540,서울특별시,중구,남대문로4가,회현동
11140,11800,540,서울특별시,중구,남대문로5가,회현동
11140,11900,540,서울특별시,중구,봉래동1가,회현동
11140,12000,540,서울특별시,중구,봉래동2가,회현동
11140,12100,540,서울특별시,중구,회현동1가,회현동
11140,12200,540,서울특별시,중구,회현동2가,회현동
11140,12400,540,서울특별시,중구,충무로1가,회현동
11140,16800,540,서울특별시,중구,순화동,회현동
11140,10100,550,서울특별시,중구,무교동,명동
11140,10200,550,서울특별시,중구,다동,명동
11140,10300,550,서울특별시,중구,태평로1가,명동
11140,10400,550,서울특별시,중구,을지로1가,명동
11140,10500,550,서울특별시,중구,을지로2가,명동
11140,10600,550,서울특별시,중구,남대문로1가,명동
11140,10700,550,서울특별시,중구,삼각동,명동
11140,10800,550,서울특별시,중구,수하동,명동
11140,10900,550,서울특별시,중구,장교동,명동
11140,11000,550,서울특별시,중구,수표동,명동
11140,11500,550,서울특별시,중구,남대문로2가,명동
11140,12100,550,서울특별시,중구,회현동1가,명동
11140,12200,550,서울특별시,중구,회현동2가,명동
11140,12300,550,서울특별시,중구,회현동3가,명동
11140,12400,550,서울특별시,중구,충무로1가,명동
11140,12500,550,서울특별시,중구,충무로2가,명동
11140,12600,550,서울특별시,중구,명동1가,명동
11140,12700,550,서울특별시,중구,명동2가,명동
11140,12800,550,서울특별시,중구,남산동1가,명동
11140,12900,550,서울특별시,중구,남산동2가,명동
11140,13000,550,서울특별시,중구,남산동3가,명동
11140,13100,550,서울특별시,중구,저동1가,명동
11140,14200,550,서울특별시,중구,예장동,명동
11140,13200,590,서울특별시,중구,충무로4가,광희동
11140,13300,590,서울특별시,중구,충무로5가,광희동
11140,13400,590,서울특별시,중구,인현동2가,광희동
11140,13500,590,서울특별시,중구,예관동,광희동
11140,14500,590,서울특별시,중구,광희동1가,광희동
11140,14600,590,서울특별시,중구,광희동2가,광희동
11140,14700,590,서울특별시,중구,쌍림동,광희동
11140,15400,590,서울특별시,중구,오장동,광희동
11140,14900,590,서울특별시,중구,을지로7가,광희동
11140,14800,590,서울특별시,중구,을지로6가,광희동
11350,10300,601,서울특별시,노원구,공릉동,공릉제3동
11710,10900,646,서울특별시,송파구,장지동,장지동
11710,10800,646,서울특별시,송파구,문정동,장지동
11260,10600,680,서울특별시,중랑구,신내동,신내1동
11260,10600,690,서울특별시,중랑구,신내동,신내2동
11500,10200,535,서울특별시,강서구,등촌동,등촌제3동
11350,10300,591,서울특별시,노원구,공릉동,공릉제1동분소
11500,10200,521,서울특별시,강서구,등촌동,등촌1동민원분소
11545,10300,670,서울특별시,금천구,시흥동,시흥제1동
11305,10100,531,서울특별시,강북구,미아동,미아제1동
11305,10100,532,서울특별시,강북구,미아동,미아제2동
11305,10100,550,서울특별시,강북구,미아동,미아제5동
11305,10100,560,서울특별시,강북구,미아동,미아제6동
11305,10100,570,서울특별시,강북구,미아동,미아제7동
11305,10100,580,서울특별시,강북구,미아동,미아제8동
11305,10100,581,서울특별시,강북구,미아동,미아제9동
11305,10200,590,서울특별시,강북구,번동,번제1동
11305,10200,600,서울특별시,강북구,번동,번제2동
11305,10200,606,서울특별시,강북구,번동,번제3동
11305,10300,610,서울특별시,강북구,수유동,수유제1동
11305,10300,620,서울특별시,강북구,수유동,수유제2동
11305,10300,630,서울특별시,강북구,수유동,수유제3동
11305,10300,650,서울특별시,강북구,수유동,수유제5동
11305,10300,651,서울특별시,강북구,수유동,수유제6동
11305,10400,640,서울특별시,강북구,우이동,수유제4동
11305,10100,533,서울특별시,강북구,미아동,미아제3동
11305,10100,540,서울특별시,강북구,미아동,미아제4동
11305,10300,640,서울특별시,강북구,수유동,수유제4동
11545,10200,615,서울특별시,금천구,독산동,독산제1동분소
11545,10100,515,서울특별시,금천구,가산동,가산동민원분소
11215,10200,740,서울특별시,광진구,능동,중곡제1동
11215,10600,845,서울특별시,광진구,노유동,노유제1동
11215,10600,846,서울특별시,광진구,노유동,노유제2동
11215,10200,860,서울특별시,광진구,능동,구의제2동
11215,10400,870,서울특별시,광진구,광장동,구의제3동
11215,10200,730,서울특별시,광진구,능동,군자동
11215,10800,710,서울특별시,광진구,모진동,화양동
11545,10100,510,서울특별시,금천구,가산동,가산동
11545,10200,610,서울특별시,금천구,독산동,독산제1동
11545,10200,620,서울특별시,금천구,독산동,독산제2동
11545,10200,630,서울특별시,금천구,독산동,독산제3동
11545,10200,640,서울특별시,금천구,독산동,독산제4동
11545,10200,650,서울특별시,금천구,독산동,독산본동
11545,10300,660,서울특별시,금천구,시흥동,시흥본동
11545,10300,680,서울특별시,금천구,시흥동,시흥제2동
11545,10300,690,서울특별시,금천구,시흥동,시흥제3동
11545,10300,700,서울특별시,금천구,시흥동,시흥제4동
11545,10300,710,서울특별시,금천구,시흥동,시흥제5동
11215,10700,710,서울특별시,광진구,화양동,화양동
11215,10900,730,서울특별시,광진구,군자동,군자동
11215,10100,740,서울특별시,광진구,중곡동,중곡제1동
11215,10100,750,서울특별시,광진구,중곡동,중곡제2동
11215,10100,760,서울특별시,광진구,중곡동,중곡제3동
11215,10100,770,서울특별시,광진구,중곡동,중곡제4동
11215,10400,810,서울특별시,광진구,광장동,광장동
11215,10500,820,서울특별시,광진구,자양동,자양제1동
11215,10500,830,서울특별시,광진구,자양동,자양제2동
11215,10300,850,서울특별시,광진구,구의동,구의제1동
11215,10300,860,서울특별시,광진구,구의동,구의제2동
11215,10300,870,서울특별시,광진구,구의동,구의제3동
11215,10500,840,서울특별시,광진구,자양동,자양제3동
11215,10200,780,서울특별시,광진구,능동,능동
11320,10600,720,서울특별시,도봉구,방학동,방학제4동
11350,10200,581,서울특별시,노원구,월계동,월계제4동
11320,10300,651,서울특별시,도봉구,수유동,수유제6동
11530,10700,765,서울특별시,구로구,개봉동,개봉본동
11500,10900,641,서울특별시,강서구,방화동,방화제3동
11500,10900,631,서울특별시,강서구,방화동,방화제1동분소
11350,10200,575,서울특별시,노원구,월계동,월계제2동분소
11500,10100,605,서울특별시,강서구,염창동,가양제3동
11500,10400,603,서울특별시,강서구,가양동,가양제1동
11500,10400,604,서울특별시,강서구,가양동,가양제2동
11500,10400,605,서울특별시,강서구,가양동,가양제3동
11500,10500,603,서울특별시,강서구,마곡동,가양제1동
11500,10400,602,서울특별시,강서구,가양동,가양동제2분소
11500,10100,601,서울특별시,강서구,염창동,가양동제1분소
11500,10400,601,서울특별시,강서구,가양동,가양동제1분소
11680,10800,521,서울특별시,강남구,논현동,논현제1동
11680,10800,531,서울특별시,강남구,논현동,논현제2동
11680,11400,720,서울특별시,강남구,일원동,일원본동
11680,11500,720,서울특별시,강남구,수서동,일원본동
11680,11400,730,서울특별시,강남구,일원동,일원제1동
11680,11500,730,서울특별시,강남구,수서동,일원제1동
11680,10600,740,서울특별시,강남구,대치동,일원제2동
11680,11400,740,서울특별시,강남구,일원동,일원제2동
11680,11500,750,서울특별시,강남구,수서동,수서동
11680,10300,740,서울특별시,강남구,개포동,일원제2동
11710,10900,643,서울특별시,송파구,장지동,문정제1동분소
11710,10800,643,서울특별시,송파구,문정동,문정제1동분소
11590,10200,561,서울특별시,동작구,상도동,상도제5동
11590,10300,561,서울특별시,동작구,상도1동,상도제5동
11620,10200,770,서울특별시,관악구,신림동,신림제13동
11200,12300,870,서울특별시,성동구,광장동,구의제3동
11200,12400,870,서울특별시,성동구,구의동,구의제3동
11590,10700,651,서울특별시,동작구,사당동,사당제5동
11650,10200,651,서울특별시,서초구,양재동,양재제1동
11650,10300,651,서울특별시,서초구,우면동,양재제1동
11650,10200,652,서울특별시,서초구,양재동,양재제2동
11650,10400,652,서울특별시,서초구,원지동,양재제2동
11350,10600,619,서울특별시,노원구,중계동,중계본동
11350,10500,624,서울특별시,노원구,상계동,중계제4동
11350,10600,624,서울특별시,노원구,중계동,중계제4동
11260,10100,571,서울특별시,중랑구,면목동,면목제8동
11710,11300,531,서울특별시,송파구,거여동,거여제1동
11710,11300,532,서울특별시,송파구,거여동,거여제2동
11710,11100,561,서울특별시,송파구,방이동,방이제1동
11710,11100,562,서울특별시,송파구,방이동,방이제2동
11140,11000,510,서울특별시,중구,수표동,태평로1가동
11140,11500,510,서울특별시,중구,남대문로2가,태평로1가동
11140,11800,530,서울특별시,중구,남대문로5가,남대문로5가동
11140,11900,530,서울특별시,중구,봉래동1가,남대문로5가동
11140,16800,530,서울특별시,중구,순화동,남대문로5가동
11140,12000,530,서울특별시,중구,봉래동2가,남대문로5가동
11140,10200,510,서울특별시,중구,다동,태평로1가동
11140,10300,510,서울특별시,중구,태평로1가,태평로1가동
11140,10600,510,서울특별시,중구,남대문로1가,태평로1가동
11140,10700,510,서울특별시,중구,삼각동,태평로1가동
11140,10500,510,서울특별시,중구,을지로2가,태평로1가동
11140,10900,510,서울특별시,중구,장교동,태평로1가동
11140,10800,510,서울특별시,중구,수하동,태평로1가동
11140,10100,510,서울특별시,중구,무교동,태평로1가동
11140,10400,510,서울특별시,중구,을지로1가,태평로1가동
11530,10400,615,서울특별시,구로구,독산동,독산제1동분소
11320,10200,606,서울특별시,도봉구,번동,번제3동
11320,10100,581,서울특별시,도봉구,미아동,미아제9동
11350,10600,623,서울특별시,노원구,중계동,중계제3동
11530,10200,565,서울특별시,구로구,구로동,구로본동
11500,10300,592,서울특별시,강서구,화곡동,화곡제7동
11740,10700,591,서울특별시,강동구,암사동,암사제4동
11650,10800,531,서울특별시,서초구,서초동,서초제4동
11650,10100,621,서울특별시,서초구,방배동,방배제4동
11320,10700,515,서울특별시,도봉구,창동,창제5동
11320,10500,681,서울특별시,도봉구,쌍문동,쌍문제4동
11500,10300,593,서울특별시,강서구,화곡동,화곡제8동
11500,10300,591,서울특별시,강서구,화곡동,화곡제6동
11320,10200,605,서울특별시,도봉구,번동,번제2동분소
11650,10800,581,서울특별시,서초구,서초동,반포제4동
11350,10600,622,서울특별시,노원구,중계동,중계제2동
11500,10600,612,서울특별시,강서구,내발산동,발산제2동
11620,10200,760,서울특별시,관악구,신림동,신림제12동
11650,10700,581,서울특별시,서초구,반포동,반포제4동
11350,10400,611,서울특별시,노원구,하계동,하계제1동
11350,10400,612,서울특별시,노원구,하계동,하계제2동
11350,10600,621,서울특별시,노원구,중계동,중계제1동
11350,10500,710,서울특별시,노원구,상계동,상계제9동
11350,10500,720,서울특별시,노원구,상계동,상계제10동
11380,10900,631,서울특별시,은평구,신사동,신사제1동
11380,10900,632,서울특별시,은평구,신사동,신사제2동
11470,10100,680,서울특별시,양천구,신정동,신정7동
11500,10600,611,서울특별시,강서구,내발산동,발산제1동
11500,10700,611,서울특별시,강서구,외발산동,발산제1동
11710,10800,641,서울특별시,송파구,문정동,문정제1동
11710,10800,642,서울특별시,송파구,문정동,문정제2동
11710,10900,642,서울특별시,송파구,장지동,문정제2동
11710,10100,720,서울특별시,송파구,잠실동,잠실제7동
11710,10900,641,서울특별시,송파구,장지동,문정제1동
11350,10500,700,서울특별시,노원구,상계동,상계제8동
11380,10400,551,서울특별시,은평구,갈현동,갈현제1동
11380,10400,552,서울특별시,은평구,갈현동,갈현제2동
11470,10300,611,서울특별시,양천구,신월동,신월7동
11260,10300,611,서울특별시,중랑구,중화동,중화제3동
11710,11100,566,서울특별시,송파구,방이동,오륜동
11710,10700,632,서울특별시,송파구,가락동,가락제2동
11710,10700,631,서울특별시,송파구,가락동,가락제1동
11290,13600,715,서울특별시,성북구,하월곡동,월곡제1동
11290,13600,725,서울특별시,성북구,하월곡동,월곡제2동
11290,13600,735,서울특별시,성북구,하월곡동,월곡제3동
11290,13600,745,서울특별시,성북구,하월곡동,월곡제4동
11650,10800,530,서울특별시,서초구,서초동,서초제3동
11650,10100,530,서울특별시,서초구,방배동,서초제3동
11320,10100,531,서울특별시,도봉구,미아동,미아제1동
11320,10100,532,서울특별시,도봉구,미아동,미아제2동
11320,10100,533,서울특별시,도봉구,미아동,미아제3동
11320,10700,511,서울특별시,도봉구,창동,창제1동
11320,10800,521,서울특별시,도봉구,도봉동,도봉제1동
11530,0,545,서울특별시,구로구,구로구,구로제3동분소
11530,10200,545,서울특별시,구로구,구로동,구로제3동분소
11680,11800,655,서울특별시,강남구,도곡동,도곡제1동
11680,11800,656,서울특별시,강남구,도곡동,도곡제2동
11320,10700,512,서울특별시,도봉구,창동,창제2동
11320,10800,522,서울특별시,도봉구,도봉동,도봉제2동
11320,10700,513,서울특별시,도봉구,창동,창제3동
11320,10700,514,서울특별시,도봉구,창동,창제4동
11530,10900,790,서울특별시,구로구,궁동,수궁동
11710,10700,620,서울특별시,송파구,가락동,가락본동
11650,10200,630,서울특별시,서초구,양재동,도곡제1동
11650,10500,630,서울특별시,서초구,도곡동,도곡제1동
11650,10500,640,서울특별시,서초구,도곡동,도곡제2동
11650,100,640,서울특별시,서초구,개포동,도곡제2동
11650,10200,640,서울특별시,서초구,양재동,도곡제2동
11680,10700,540,서울특별시,강남구,신사동,압구정제1동
11680,11000,540,서울특별시,강남구,압구정동,압구정제1동
11680,10700,550,서울특별시,강남구,신사동,압구정제2동
11680,11000,550,서울특별시,강남구,압구정동,압구정제2동
11680,10400,560,서울특별시,강남구,청담동,청담제1동
11680,10400,570,서울특별시,강남구,청담동,청담제2동
11320,10600,710,서울특별시,도봉구,방학동,방학제3동
11530,11000,790,서울특별시,구로구,온수동,수궁동
11470,10100,670,서울특별시,양천구,신정동,신정6동
11470,10200,550,서울특별시,양천구,목동,목5동
11680,10600,630,서울특별시,강남구,대치동,대치제4동
11680,10300,690,서울특별시,강남구,개포동,개포제4동
11710,10600,610,서울특별시,송파구,삼전동,삼전동
11680,10200,690,서울특별시,강남구,포이동,개포제4동
11380,10700,680,서울특별시,은평구,응암동,응암제4동
11200,11300,630,서울특별시,성동구,옥수동,옥수제1동
11200,11300,640,서울특별시,성동구,옥수동,옥수제2동
11200,12100,860,서울특별시,성동구,능동,구의제2동
11200,12400,850,서울특별시,성동구,구의동,구의제1동
11200,12400,860,서울특별시,성동구,구의동,구의제2동
11350,10200,580,서울특별시,노원구,월계동,월계제3동
11350,10500,680,서울특별시,노원구,상계동,상계제6동
11350,10500,690,서울특별시,노원구,상계동,상계제7동
11710,10400,580,서울특별시,송파구,송파동,송파제1동
11740,10200,550,서울특별시,강동구,고덕동,고덕제1동
11740,10200,560,서울특별시,강동구,고덕동,고덕제2동
11710,10400,590,서울특별시,송파구,송파동,송파제2동
11740,10100,530,서울특별시,강동구,명일동,명일제1동
11290,13300,620,서울특별시,성북구,정릉동,정릉제1동
11380,10300,530,서울특별시,은평구,불광동,불광제2동
11680,10600,600,서울특별시,강남구,대치동,대치제1동
11290,13100,610,서울특별시,성북구,보문동2가,보문동
11650,10100,600,서울특별시,서초구,방배동,방배제1동
11290,10300,630,서울특별시,성북구,돈암동,정릉제2동
11290,13300,630,서울특별시,성북구,정릉동,정릉제2동
11680,10600,610,서울특별시,강남구,대치동,대치제2동
11680,10100,640,서울특별시,강남구,역삼동,역삼제1동
11710,10300,510,서울특별시,송파구,풍납동,풍납제1동
11680,10100,650,서울특별시,강남구,역삼동,역삼제2동
11380,10300,520,서울특별시,은평구,불광동,불광제1동
11290,13300,640,서울특별시,성북구,정릉동,정릉제3동
11530,10700,740,서울특별시,구로구,개봉동,개봉제1동
11560,12600,610,서울특별시,영등포구,양평동2가,양평제1동
11560,12700,610,서울특별시,영등포구,양평동3가,양평제1동
11290,13200,610,서울특별시,성북구,보문동3가,보문동
11470,10200,540,서울특별시,양천구,목동,목4동
11560,11900,590,서울특별시,영등포구,문래동1가,문래제1동
11560,12800,620,서울특별시,영등포구,양평동4가,양평제2동
11560,13200,680,서울특별시,영등포구,신길동,신길제6동
11560,12700,620,서울특별시,영등포구,양평동3가,양평제2동
11560,13200,690,서울특별시,영등포구,신길동,신길제7동
11470,10200,530,서울특별시,양천구,목동,목3동
11440,12000,660,서울특별시,마포구,서교동,서교동
11440,11000,670,서울특별시,마포구,노고산동,동교동
11560,13100,620,서울특별시,영등포구,양화동,양평제2동
11560,13200,630,서울특별시,영등포구,신길동,신길제1동
11560,13300,670,서울특별시,영등포구,대림동,신길제5동
11560,13200,640,서울특별시,영등포구,신길동,신길제2동
11560,13200,670,서울특별시,영등포구,신길동,신길제5동
11560,13200,650,서울특별시,영등포구,신길동,신길제3동
11560,13200,660,서울특별시,영등포구,신길동,신길제4동
11560,13400,620,서울특별시,영등포구,양평동,양평제2동
11560,12900,620,서울특별시,영등포구,양평동5가,양평제2동
11560,13000,620,서울특별시,영등포구,양평동6가,양평제2동
11500,10900,640,서울특별시,강서구,방화동,방화제2동
11560,12500,610,서울특별시,영등포구,양평동1가,양평제1동
11560,12400,600,서울특별시,영등포구,문래동6가,문래제2동
11560,12300,600,서울특별시,영등포구,문래동5가,문래제2동
11560,12000,590,서울특별시,영등포구,문래동2가,문래제1동
11560,12200,600,서울특별시,영등포구,문래동4가,문래제2동
11560,12100,590,서울특별시,영등포구,문래동3가,문래제1동
11260,10100,550,서울특별시,중랑구,면목동,면목제5동
11290,13000,610,서울특별시,성북구,보문동1가,보문동
11560,10300,520,서울특별시,영등포구,영등포동2가,영등포제2동
11530,10700,750,서울특별시,구로구,개봉동,개봉제2동
11470,10100,660,서울특별시,양천구,신정동,신정제5동
11560,10400,520,서울특별시,영등포구,영등포동3가,영등포제2동
11560,10500,520,서울특별시,영등포구,영등포동4가,영등포제2동
11560,11600,560,서울특별시,영등포구,당산동6가,당산제2동
11560,11700,560,서울특별시,영등포구,당산동,당산제2동
11260,10100,560,서울특별시,중랑구,면목동,면목제6동
11260,10100,570,서울특별시,중랑구,면목동,면목제7동
11560,11800,580,서울특별시,영등포구,도림동,도림제2동
11560,11800,570,서울특별시,영등포구,도림동,도림제1동
11560,11500,560,서울특별시,영등포구,당산동5가,당산제2동
11560,10600,520,서울특별시,영등포구,영등포동5가,영등포제2동
11710,10300,520,서울특별시,송파구,풍납동,풍납제2동
11560,11300,550,서울특별시,영등포구,당산동3가,당산제1동
11560,11400,560,서울특별시,영등포구,당산동4가,당산제2동
11560,10800,530,서울특별시,영등포구,영등포동7가,영등포제3동
11560,10900,530,서울특별시,영등포구,영등포동8가,영등포제3동
11560,11100,550,서울특별시,영등포구,당산동1가,당산제1동
11560,11200,550,서울특별시,영등포구,당산동2가,당산제1동
11560,10700,530,서울특별시,영등포구,영등포동6가,영등포제3동
11560,11000,540,서울특별시,영등포구,여의도동,여의동
11560,10200,520,서울특별시,영등포구,영등포동1가,영등포제2동
11530,11100,780,서울특별시,구로구,천왕동,오류제2동
11560,10100,510,서울특별시,영등포구,영등포동,영등포제1동
11530,10700,760,서울특별시,구로구,개봉동,개봉제3동
11590,10700,640,서울특별시,동작구,사당동,사당제3동
11440,12300,680,서울특별시,마포구,망원동,합정동
11530,10800,780,서울특별시,구로구,오류동,오류제2동
11530,10800,770,서울특별시,구로구,오류동,오류제1동
11140,13600,570,서울특별시,중구,묵정동,필동
11380,11000,640,서울특별시,은평구,증산동,증산동
11410,11000,560,서울특별시,서대문구,북아현동,북아현제3동
11410,11000,550,서울특별시,서대문구,북아현동,북아현제2동
11410,11000,540,서울특별시,서대문구,북아현동,북아현제1동
11620,10300,630,서울특별시,관악구,남현동,남현동
11410,10900,530,서울특별시,서대문구,현저동,현저동
11590,10900,680,서울특별시,동작구,신대방동,신대방제2동
11290,13800,760,서울특별시,성북구,장위동,장위제1동
11290,13300,650,서울특별시,성북구,정릉동,정릉제4동
11530,10200,540,서울특별시,구로구,구로동,구로제3동
11200,10700,570,서울특별시,성동구,행당동,행당제2동
11200,10800,580,서울특별시,성동구,응봉동,응봉동
11230,10400,570,서울특별시,동대문구,전농동,전농제2동
11260,10100,540,서울특별시,중랑구,면목동,면목제4동
11530,10600,730,서울특별시,구로구,고척동,고척제2동
11560,13300,700,서울특별시,영등포구,대림동,대림제1동
11530,10200,550,서울특별시,구로구,구로동,구로제4동
11530,10600,720,서울특별시,구로구,고척동,고척제1동
11530,10200,560,서울특별시,구로구,구로동,구로제5동
11500,10800,620,서울특별시,강서구,공항동,공항동
11230,10200,520,서울특별시,동대문구,용두동,용두제1동
11590,10400,570,서울특별시,동작구,본동,본동
11530,10200,530,서울특별시,구로구,구로동,구로제2동
11530,10100,510,서울특별시,구로구,신도림동,신도림동
11530,10200,520,서울특별시,구로구,구로동,구로제1동
11350,10500,630,서울특별시,노원구,상계동,상계제1동
11500,11200,620,서울특별시,강서구,오곡동,공항동
11590,10200,560,서울특별시,동작구,상도동,상도제4동
11200,11900,730,서울특별시,성동구,군자동,군자동
11200,11700,710,서울특별시,성동구,모진동,화양동
11200,10300,530,서울특별시,성동구,홍익동,도선동
11110,13100,610,서울특별시,종로구,권농동,종로1.2가동
11230,10400,560,서울특별시,동대문구,전농동,전농제1동
11650,10500,501,서울특별시,서초구,도곡동,도곡동
11320,10100,560,서울특별시,도봉구,미아동,미아제6동
11290,10100,510,서울특별시,성북구,성북동,성북제1동
11290,10200,510,서울특별시,성북구,성북동1가,성북제1동
11290,10100,520,서울특별시,성북구,성북동,성북제2동
11380,10200,510,서울특별시,은평구,녹번동,녹번동
11110,11700,530,서울특별시,종로구,당주동,사직동
11290,10300,530,서울특별시,성북구,돈암동,동소문동
11290,10400,530,서울특별시,성북구,동소문동1가,동소문동
11470,10300,610,서울특별시,양천구,신월동,신월6동
11380,10400,550,서울특별시,은평구,갈현동,갈현동
11290,10500,530,서울특별시,성북구,동소문동2가,동소문동
11350,10300,590,서울특별시,노원구,공릉동,공릉제1동
11680,10800,530,서울특별시,강남구,논현동,학동
11680,10800,520,서울특별시,강남구,논현동,논현동
11290,10600,530,서울특별시,성북구,동소문동3가,동소문동
11290,10700,530,서울특별시,성북구,동소문동4가,동소문동
11290,10300,540,서울특별시,성북구,돈암동,삼선제1동
11620,10100,560,서울특별시,관악구,봉천동,봉천제5동
11290,11100,540,서울특별시,성북구,삼선동1가,삼선제1동
11290,11200,540,서울특별시,성북구,삼선동2가,삼선제1동
11290,10300,550,서울특별시,성북구,돈암동,삼선제2동
11290,10800,550,서울특별시,성북구,동소문동5가,삼선제2동
11290,11200,550,서울특별시,성북구,삼선동2가,삼선제2동
11290,12800,610,서울특별시,성북구,보문동6가,보문동
11650,10100,610,서울특별시,서초구,방배동,방배제2동
11290,11300,550,서울특별시,성북구,삼선동3가,삼선제2동
11290,11400,550,서울특별시,성북구,삼선동4가,삼선제2동
11290,11500,550,서울특별시,성북구,삼선동5가,삼선제2동
11290,10300,560,서울특별시,성북구,돈암동,동선제1동
11290,13400,680,서울특별시,성북구,길음동,길음제3동
11290,11600,560,서울특별시,성북구,동선동1가,동선제1동
11290,11700,560,서울특별시,성북구,동선동2가,동선제1동
11290,11800,560,서울특별시,성북구,동선동3가,동선제1동
11290,10900,570,서울특별시,성북구,동소문동6가,동선제2동
11290,11000,570,서울특별시,성북구,동소문동7가,동선제2동
11290,11900,570,서울특별시,성북구,동선동4가,동선제2동
11290,12000,570,서울특별시,성북구,동선동5가,동선제2동
11290,13400,660,서울특별시,성북구,길음동,길음제1동
11290,13400,670,서울특별시,성북구,길음동,길음제2동
11290,13500,690,서울특별시,성북구,종암동,종암제1동
11290,13500,700,서울특별시,성북구,종암동,종암제2동
11290,13600,710,서울특별시,성북구,하월곡동,하월곡제1동
11290,13600,720,서울특별시,성북구,하월곡동,하월곡제2동
11290,13600,730,서울특별시,성북구,하월곡동,하월곡제3동
11290,13600,740,서울특별시,성북구,하월곡동,하월곡제4동
11290,13700,750,서울특별시,성북구,상월곡동,상월곡동
11290,13900,790,서울특별시,성북구,석관동,석관제1동
11290,13900,800,서울특별시,성북구,석관동,석관제2동
11650,10700,540,서울특별시,서초구,반포동,잠원동
11650,11300,540,서울특별시,서초구,신사동,잠원동
11650,10800,560,서울특별시,서초구,서초동,반포제1동
11650,10700,580,서울특별시,서초구,반포동,반포제3동
11650,10200,650,서울특별시,서초구,양재동,양재동
11650,10300,650,서울특별시,서초구,우면동,양재동
11650,10400,650,서울특별시,서초구,원지동,양재동
11650,10500,650,서울특별시,서초구,도곡동,양재동
11110,11200,530,서울특별시,종로구,체부동,사직동
11590,10500,580,서울특별시,동작구,흑석동,흑석제1동
11590,10500,590,서울특별시,동작구,흑석동,흑석제2동
11590,10500,600,서울특별시,동작구,흑석동,흑석제3동
11620,10100,510,서울특별시,관악구,봉천동,봉천본동
11620,10100,520,서울특별시,관악구,봉천동,봉천제1동
11620,10100,530,서울특별시,관악구,봉천동,봉천제2동
11620,10100,540,서울특별시,관악구,봉천동,봉천제3동
11620,10100,550,서울특별시,관악구,봉천동,봉천제4동
11620,10100,570,서울특별시,관악구,봉천동,봉천제6동
11620,10100,580,서울특별시,관악구,봉천동,봉천제7동
11620,10100,590,서울특별시,관악구,봉천동,봉천제8동
11620,10100,600,서울특별시,관악구,봉천동,봉천제9동
11620,10100,610,서울특별시,관악구,봉천동,봉천제10동
11620,10100,620,서울특별시,관악구,봉천동,봉천제11동
11620,10100,640,서울특별시,관악구,봉천동,신림본동
11620,10200,640,서울특별시,관악구,신림동,신림본동
11620,10200,650,서울특별시,관악구,신림동,신림제1동
11620,10200,660,서울특별시,관악구,신림동,신림제2동
11620,10200,670,서울특별시,관악구,신림동,신림제3동
11620,10200,680,서울특별시,관악구,신림동,신림제4동
11620,10200,690,서울특별시,관악구,신림동,신림제5동
11620,10200,700,서울특별시,관악구,신림동,신림제6동
11620,10200,710,서울특별시,관악구,신림동,신림제7동
11620,10200,720,서울특별시,관악구,신림동,신림제8동
11620,10200,730,서울특별시,관악구,신림동,신림제9동
11620,10200,740,서울특별시,관악구,신림동,신림제10동
11620,10200,750,서울특별시,관악구,신림동,신림제11동
11110,10700,530,서울특별시,종로구,적선동,사직동
11680,11000,501,서울특별시,강남구,압구정동,압구정동
11680,10400,502,서울특별시,강남구,청담동,청담동
11680,11000,502,서울특별시,강남구,압구정동,청담동
11110,11300,530,서울특별시,종로구,필운동,사직동
11350,10200,560,서울특별시,노원구,월계동,월계제1동
11110,10600,530,서울특별시,종로구,통의동,사직동
11350,10200,570,서울특별시,노원구,월계동,월계제2동
11350,10300,600,서울특별시,노원구,공릉동,공릉제2동
11350,0,635,서울특별시,노원구,노원구,상계제1동분소
11290,12900,610,서울특별시,성북구,보문동7가,보문동
11380,10300,540,서울특별시,은평구,불광동,불광제3동
11140,13900,570,서울특별시,중구,필동3가,필동
11380,10800,610,서울특별시,은평구,역촌동,역촌제1동
11380,10800,620,서울특별시,은평구,역촌동,역촌제2동
11380,10900,630,서울특별시,은평구,신사동,신사동
11380,10900,640,서울특별시,은평구,신사동,증산동
11380,11100,660,서울특별시,은평구,진관내동,진관내동
11380,11200,660,서울특별시,은평구,구파발동,진관내동
11140,14000,570,서울특별시,중구,남학동,필동
11380,11300,670,서울특별시,은평구,진관외동,진관외동
11140,13600,580,서울특별시,중구,묵정동,장충동
11140,14300,580,서울특별시,중구,장충동1가,장충동
11140,14400,580,서울특별시,중구,장충동2가,장충동
11140,15800,570,서울특별시,중구,충무로3가,필동
11140,14400,570,서울특별시,중구,장충동2가,필동
11140,14200,570,서울특별시,중구,예장동,필동
11140,14100,570,서울특별시,중구,주자동,필동
11110,11600,530,서울특별시,종로구,도렴동,사직동
11500,11000,640,서울특별시,강서구,개화동,방화제2동
11410,10100,510,서울특별시,서대문구,충정로2가,충정로동
11410,10200,510,서울특별시,서대문구,충정로3가,충정로동
11410,10300,510,서울특별시,서대문구,합동,충정로동
11410,10400,510,서울특별시,서대문구,미근동,충정로동
11110,11400,530,서울특별시,종로구,내자동,사직동
11110,11500,530,서울특별시,종로구,사직동,사직동
11140,13700,570,서울특별시,중구,필동1가,필동
11140,13800,570,서울특별시,중구,필동2가,필동
11320,10100,540,서울특별시,도봉구,미아동,미아제4동
11320,10100,550,서울특별시,도봉구,미아동,미아제5동
11290,12700,610,서울특별시,성북구,보문동5가,보문동
11320,10100,570,서울특별시,도봉구,미아동,미아제7동
11320,10100,580,서울특별시,도봉구,미아동,미아제8동
11320,10200,590,서울특별시,도봉구,번동,번제1동
11320,10200,600,서울특별시,도봉구,번동,번제2동
11320,10300,610,서울특별시,도봉구,수유동,수유제1동
11320,10300,620,서울특별시,도봉구,수유동,수유제2동
11320,10300,630,서울특별시,도봉구,수유동,수유제3동
11650,10100,620,서울특별시,서초구,방배동,방배제3동
11320,10300,640,서울특별시,도봉구,수유동,수유제4동
11650,10800,510,서울특별시,서초구,서초동,서초제1동
11320,10400,640,서울특별시,도봉구,우이동,수유제4동
11290,10300,580,서울특별시,성북구,돈암동,돈암제1동
11320,10500,640,서울특별시,도봉구,쌍문동,수유제4동
11320,10300,650,서울특별시,도봉구,수유동,수유제5동
11140,13200,560,서울특별시,중구,충무로4가,충무로4.5가동
11140,13300,560,서울특별시,중구,충무로5가,충무로4.5가동
11140,13400,560,서울특별시,중구,인현동2가,충무로4.5가동
11140,13500,560,서울특별시,중구,예관동,충무로4.5가동
11140,15400,560,서울특별시,중구,오장동,충무로4.5가동
11140,15000,600,서울특별시,중구,을지로4가,을지로3.4.5가동
11140,15100,600,서울특별시,중구,을지로5가,을지로3.4.5가동
11140,15200,600,서울특별시,중구,주교동,을지로3.4.5가동
11140,15300,600,서울특별시,중구,방산동,을지로3.4.5가동
11140,15500,600,서울특별시,중구,을지로3가,을지로3.4.5가동
11140,15600,600,서울특별시,중구,입정동,을지로3.4.5가동
11140,15700,600,서울특별시,중구,산림동,을지로3.4.5가동
11140,15900,600,서울특별시,중구,초동,을지로3.4.5가동
11140,16000,600,서울특별시,중구,인현동1가,을지로3.4.5가동
11140,16100,600,서울특별시,중구,저동2가,을지로3.4.5가동
11140,16200,610,서울특별시,중구,신당동,신당제1동
11140,16300,610,서울특별시,중구,흥인동,신당제1동
11140,16400,610,서울특별시,중구,무학동,신당제1동
11140,16200,620,서울특별시,중구,신당동,신당제2동
11140,16200,630,서울특별시,중구,신당동,신당제3동
11140,16200,640,서울특별시,중구,신당동,신당제4동
11140,16200,660,서울특별시,중구,신당동,신당제6동
11290,12100,600,서울특별시,성북구,안암동1가,안암동
11290,12200,600,서울특별시,성북구,안암동2가,안암동
11290,12300,600,서울특별시,성북구,안암동3가,안암동
11290,12400,600,서울특별시,성북구,안암동4가,안암동
11290,12500,600,서울특별시,성북구,안암동5가,안암동
11290,12600,610,서울특별시,성북구,보문동4가,보문동
11350,10700,510,서울특별시,노원구,도봉동,도봉제1동
11350,10700,520,서울특별시,노원구,도봉동,도봉제2동
11350,10100,530,서울특별시,노원구,창동,창제1동
11350,10100,540,서울특별시,노원구,창동,창제2동
11350,10100,550,서울특별시,노원구,창동,창제3동
11290,10300,590,서울특별시,성북구,돈암동,돈암제2동
11350,10400,610,서울특별시,노원구,하계동,하계동
11350,10600,620,서울특별시,노원구,중계동,중계동
11200,11200,620,서울특별시,성동구,금호동4가,금호4가동
11200,10900,590,서울특별시,성동구,금호동1가,금호1가동
11140,13300,570,서울특별시,중구,충무로5가,필동
11140,13200,570,서울특별시,중구,충무로4가,필동
11500,10200,520,서울특별시,강서구,등촌동,등촌제1동
11530,0,525,서울특별시,구로구,구로구,구로제1동분소
11530,10200,570,서울특별시,구로구,구로동,구로제6동
11530,10300,580,서울특별시,구로구,가리봉동,가리봉제1동
11530,10300,590,서울특별시,구로구,가리봉동,가리봉제2동
11530,10300,600,서울특별시,구로구,가리봉동,가리봉제3동
11530,10400,610,서울특별시,구로구,독산동,독산제1동
11530,10400,620,서울특별시,구로구,독산동,독산제2동
11530,10400,630,서울특별시,구로구,독산동,독산제3동
11530,10400,640,서울특별시,구로구,독산동,독산제4동
11530,10400,650,서울특별시,구로구,독산동,독산본동
11530,10500,660,서울특별시,구로구,시흥동,시흥본동
11530,10500,670,서울특별시,구로구,시흥동,시흥제1동
11530,10500,680,서울특별시,구로구,시흥동,시흥제2동
11530,10500,690,서울특별시,구로구,시흥동,시흥제3동
11530,10500,700,서울특별시,구로구,시흥동,시흥제4동
11530,10500,710,서울특별시,구로구,시흥동,시흥제5동
11530,10900,770,서울특별시,구로구,궁동,오류제1동
11530,11000,770,서울특별시,구로구,온수동,오류제1동
11530,11200,780,서울특별시,구로구,항동,오류제2동
11650,10800,520,서울특별시,서초구,서초동,서초제2동
11200,11400,650,서울특별시,성동구,성수동1가,성수1가제1동
11200,11400,660,서울특별시,성동구,성수동1가,성수1가제2동
11200,11500,690,서울특별시,성동구,성수동2가,성수2가제3동
11200,11800,720,서울특별시,성동구,송정동,송정동
11200,11800,790,서울특별시,성동구,송정동,용답동
11200,11500,670,서울특별시,성동구,성수동2가,성수2가제1동
11200,12200,790,서울특별시,성동구,용답동,용답동
11110,10100,510,서울특별시,종로구,청운동,청운동
11110,10200,510,서울특별시,종로구,신교동,청운동
11110,10300,510,서울특별시,종로구,궁정동,청운동
11110,11900,510,서울특별시,종로구,세종로,청운동
11110,10400,520,서울특별시,종로구,효자동,효자동
11110,10500,520,서울특별시,종로구,창성동,효자동
11110,10800,520,서울특별시,종로구,통인동,효자동
11110,10900,520,서울특별시,종로구,누상동,효자동
11110,11000,520,서울특별시,종로구,누하동,효자동
11110,11100,520,서울특별시,종로구,옥인동,효자동
11110,11600,590,서울특별시,종로구,도렴동,세종로동
11110,11700,590,서울특별시,종로구,당주동,세종로동
11110,11800,590,서울특별시,종로구,내수동,세종로동
11110,11900,590,서울특별시,종로구,세종로,세종로동
11110,12000,590,서울특별시,종로구,신문로1가,세종로동
11110,12100,590,서울특별시,종로구,신문로2가,세종로동
11110,12200,610,서울특별시,종로구,청진동,종로1.2가동
11110,12300,610,서울특별시,종로구,서린동,종로1.2가동
11110,12400,610,서울특별시,종로구,수송동,종로1.2가동
11110,12500,610,서울특별시,종로구,중학동,종로1.2가동
11110,12600,610,서울특별시,종로구,종로1가,종로1.2가동
11110,12700,610,서울특별시,종로구,공평동,종로1.2가동
11110,12800,610,서울특별시,종로구,관훈동,종로1.2가동
11110,12900,610,서울특별시,종로구,견지동,종로1.2가동
11110,13000,610,서울특별시,종로구,와룡동,종로1.2가동
11110,13200,610,서울특별시,종로구,운니동,종로1.2가동
11110,13300,610,서울특별시,종로구,익선동,종로1.2가동
11110,13400,610,서울특별시,종로구,경운동,종로1.2가동
11110,13500,610,서울특별시,종로구,관철동,종로1.2가동
11110,13600,610,서울특별시,종로구,인사동,종로1.2가동
11110,13700,610,서울특별시,종로구,낙원동,종로1.2가동
11110,13800,610,서울특별시,종로구,종로2가,종로1.2가동
11110,15000,620,서울특별시,종로구,훈정동,종로3.4가동
11110,15100,620,서울특별시,종로구,묘동,종로3.4가동
11110,15200,620,서울특별시,종로구,봉익동,종로3.4가동
11110,15300,620,서울특별시,종로구,돈의동,종로3.4가동
11110,15400,620,서울특별시,종로구,장사동,종로3.4가동
11110,15500,620,서울특별시,종로구,관수동,종로3.4가동
11110,15600,620,서울특별시,종로구,종로3가,종로3.4가동
11110,15700,620,서울특별시,종로구,인의동,종로3.4가동
11110,15800,620,서울특별시,종로구,예지동,종로3.4가동
11110,15900,620,서울특별시,종로구,원남동,종로3.4가동
11110,16100,620,서울특별시,종로구,종로4가,종로3.4가동
11200,11300,501,서울특별시,성동구,옥수동,옥수동
11200,10100,510,서울특별시,성동구,상왕십리동,왕십리제1동
11200,10200,510,서울특별시,성동구,하왕십리동,왕십리제1동
11200,10400,530,서울특별시,성동구,도선동,도선동
11200,11000,600,서울특별시,성동구,금호동2가,금호2가동
11200,11100,610,서울특별시,성동구,금호동3가,금호3가동
11200,11500,680,서울특별시,성동구,성수동2가,성수2가제2동
11200,11500,700,서울특별시,성동구,성수동2가,성수2가제4동
11200,11600,710,서울특별시,성동구,화양동,화양동
11200,12100,730,서울특별시,성동구,능동,군자동
11200,12000,740,서울특별시,성동구,중곡동,중곡제1동
11200,12100,740,서울특별시,성동구,능동,중곡제1동
11200,12000,750,서울특별시,성동구,중곡동,중곡제2동
11200,12000,760,서울특별시,성동구,중곡동,중곡제3동
11200,12000,770,서울특별시,성동구,중곡동,중곡제4동
11200,12100,780,서울특별시,성동구,능동,능동
11200,12400,780,서울특별시,성동구,구의동,능동
11200,11900,790,서울특별시,성동구,군자동,용답동
11200,12100,790,서울특별시,성동구,능동,용답동
11200,12400,800,서울특별시,성동구,구의동,구의동
11200,12300,810,서울특별시,성동구,광장동,광장동
11200,12400,810,서울특별시,성동구,구의동,광장동
11200,12500,820,서울특별시,성동구,자양동,자양제1동
11200,12500,830,서울특별시,성동구,자양동,자양제2동
11200,12500,840,서울특별시,성동구,자양동,자양제3동
11650,10900,660,서울특별시,서초구,내곡동,내곡동
11650,11000,660,서울특별시,서초구,염곡동,내곡동
11650,11100,660,서울특별시,서초구,신원동,내곡동
11290,13800,780,서울특별시,성북구,장위동,장위제3동
11290,13800,770,서울특별시,성북구,장위동,장위제2동
11560,13300,710,서울특별시,영등포구,대림동,대림제2동
11560,13300,720,서울특별시,영등포구,대림동,대림제3동
11110,12100,530,서울특별시,종로구,신문로2가,사직동
11380,10400,560,서울특별시,은평구,갈현동,구산동
11230,10100,510,서울특별시,동대문구,신설동,신설동
11230,10200,510,서울특별시,동대문구,용두동,신설동
11230,10200,530,서울특별시,동대문구,용두동,용두제2동
11230,10300,540,서울특별시,동대문구,제기동,제기제1동
11230,10300,550,서울특별시,동대문구,제기동,제기제2동
11230,10400,580,서울특별시,동대문구,전농동,전농제3동
11230,10400,590,서울특별시,동대문구,전농동,전농제4동
11230,10500,620,서울특별시,동대문구,답십리동,답십리제3동
11230,10500,630,서울특별시,동대문구,답십리동,답십리제4동
11230,10500,640,서울특별시,동대문구,답십리동,답십리제5동
11230,10600,670,서울특별시,동대문구,장안동,장안제3동
11230,100,680,서울특별시,동대문구,면목동,장안제4동
11230,10600,680,서울특별시,동대문구,장안동,장안제4동
11230,10700,690,서울특별시,동대문구,청량리동,청량리제1동
11230,10700,700,서울특별시,동대문구,청량리동,청량리제2동
11230,100,730,서울특별시,동대문구,면목동,휘경제2동
11230,11000,760,서울특별시,동대문구,이문동,이문제3동
11260,10500,510,서울특별시,중랑구,망우동,면목제1동
11260,10600,670,서울특별시,중랑구,신내동,신내동
11590,10600,610,서울특별시,동작구,동작동,동작동
11590,10700,650,서울특별시,동작구,사당동,사당제4동
11590,10800,660,서울특별시,동작구,대방동,대방동
11590,10900,670,서울특별시,동작구,신대방동,신대방제1동
11650,10700,550,서울특별시,서초구,반포동,반포본동
11410,11200,570,서울특별시,서대문구,대현동,대신동
11410,11300,570,서울특별시,서대문구,대신동,대신동
11410,11400,570,서울특별시,서대문구,신촌동,대신동
11410,11500,570,서울특별시,서대문구,봉원동,대신동
11410,11600,580,서울특별시,서대문구,창천동,창천동
11410,11700,590,서울특별시,서대문구,연희동,연희제1동
11410,11700,600,서울특별시,서대문구,연희동,연희제2동
11410,11700,610,서울특별시,서대문구,연희동,연희제3동
11410,11100,630,서울특별시,서대문구,홍제동,홍제제2동
11410,11100,650,서울특별시,서대문구,홍제동,홍제제4동
11410,11800,670,서울특별시,서대문구,홍은동,홍은제2동
11410,11800,680,서울특별시,서대문구,홍은동,홍은제3동
11590,10700,610,서울특별시,동작구,사당동,동작동
11440,10100,530,서울특별시,마포구,아현동,아현제3동
11440,10400,570,서울특별시,마포구,도화동,도화제1동
11440,10400,580,서울특별시,마포구,도화동,도화제2동
11440,10800,620,서울특별시,마포구,대흥동,노고산동
11440,11000,620,서울특별시,마포구,노고산동,노고산동
11440,11100,620,서울특별시,마포구,신수동,노고산동
11440,11400,640,서울특별시,마포구,창전동,창전동
11440,11500,650,서울특별시,마포구,상수동,상수동
11440,11600,650,서울특별시,마포구,하중동,상수동
11440,11700,650,서울특별시,마포구,신정동,상수동
11590,10700,620,서울특별시,동작구,사당동,사당제1동
11440,11800,650,서울특별시,마포구,당인동,상수동
11440,11900,650,서울특별시,마포구,하수동,상수동
11440,12300,660,서울특별시,마포구,망원동,서교동
11590,10700,630,서울특별시,동작구,사당동,사당제2동
11470,10200,551,서울특별시,양천구,목동,목제6동
11470,0,595,서울특별시,양천구,양천구,신월제4동분소
11200,10700,550,서울특별시,성동구,행당동,사근동
11500,10300,580,서울특별시,강서구,화곡동,화곡제5동
11500,10400,600,서울특별시,강서구,가양동,가양동
11500,10500,600,서울특별시,강서구,마곡동,가양동
11500,10600,610,서울특별시,강서구,내발산동,발산동
11500,10700,610,서울특별시,강서구,외발산동,발산동
11500,11100,650,서울특별시,강서구,과해동,과해동
11500,11200,650,서울특별시,강서구,오곡동,과해동
11500,11300,650,서울특별시,강서구,오쇠동,과해동
11260,10200,590,서울특별시,중랑구,상봉동,상봉제2동
11680,10300,670,서울특별시,강남구,개포동,개포제2동
11590,10200,550,서울특별시,동작구,상도동,상도제3동
11500,11300,620,서울특별시,강서구,오쇠동,공항동
11500,10900,630,서울특별시,강서구,방화동,방화제1동
11110,14300,540,서울특별시,종로구,화동,삼청동
11230,10900,730,서울특별시,동대문구,휘경동,휘경제2동
11110,18600,550,서울특별시,종로구,신영동,부암동
11440,12300,690,서울특별시,마포구,망원동,망원제1동
11320,10500,670,서울특별시,도봉구,쌍문동,쌍문제2동
11110,12000,530,서울특별시,종로구,신문로1가,사직동
11440,12300,700,서울특별시,마포구,망원동,망원제2동
11200,10500,540,서울특별시,성동구,마장동,마장동
11680,10200,660,서울특별시,강남구,포이동,개포제1동
11230,10600,650,서울특별시,동대문구,장안동,장안제1동
11680,10600,620,서울특별시,강남구,대치동,대치제3동
11680,11800,600,서울특별시,강남구,도곡동,대치제1동
11590,10300,530,서울특별시,동작구,상도1동,상도제1동
11650,10700,570,서울특별시,서초구,반포동,반포제2동
11110,18300,560,서울특별시,종로구,평창동,평창동
11110,17600,580,서울특별시,종로구,교남동,교남동
11680,11200,700,서울특별시,강남구,자곡동,세곡동
11740,10600,700,서울특별시,강동구,둔촌동,둔촌제2동
11110,16200,630,서울특별시,종로구,효제동,종로5.6가동
11110,16300,630,서울특별시,종로구,종로5가,종로5.6가동
11110,16700,630,서울특별시,종로구,충신동,종로5.6가동
11110,16400,630,서울특별시,종로구,종로6가,종로5.6가동
11110,16800,640,서울특별시,종로구,동숭동,이화동
11110,16600,640,서울특별시,종로구,연건동,이화동
11110,17400,670,서울특별시,종로구,창신동,창신제1동
11110,17400,680,서울특별시,종로구,창신동,창신제2동
11110,17500,700,서울특별시,종로구,숭인동,숭인제1동
11110,17400,690,서울특별시,종로구,창신동,창신제3동
11110,11800,530,서울특별시,종로구,내수동,사직동
11110,17000,650,서울특별시,종로구,명륜1가,혜화동
11110,16900,650,서울특별시,종로구,혜화동,혜화동
11260,10400,620,서울특별시,중랑구,묵동,묵제1동
11260,10300,610,서울특별시,중랑구,중화동,중화제2동
11710,10100,670,서울특별시,송파구,잠실동,잠실제2동
11710,10500,600,서울특별시,송파구,석촌동,석촌동
11260,10500,650,서울특별시,중랑구,망우동,망우제2동
11410,11800,660,서울특별시,서대문구,홍은동,홍은제1동
11410,12000,690,서울특별시,서대문구,남가좌동,남가좌제1동
11410,12000,700,서울특별시,서대문구,남가좌동,남가좌제2동
11440,10100,510,서울특별시,마포구,아현동,아현제1동
11440,10100,520,서울특별시,마포구,아현동,아현제2동
11440,10200,550,서울특별시,마포구,공덕동,공덕제2동
11440,10300,560,서울특별시,마포구,신공덕동,신공덕동
11440,10400,560,서울특별시,마포구,도화동,신공덕동
11440,10900,550,서울특별시,마포구,염리동,공덕제2동
11440,10600,590,서울특별시,마포구,토정동,용강동
11440,10700,590,서울특별시,마포구,마포동,용강동
11440,10900,590,서울특별시,마포구,염리동,용강동
11440,11100,600,서울특별시,마포구,신수동,대흥동
11440,10900,610,서울특별시,마포구,염리동,염리동
11440,11100,630,서울특별시,마포구,신수동,신수동
11440,12000,670,서울특별시,마포구,서교동,동교동
11440,12500,720,서울특별시,마포구,성산동,성산제1동
11440,12600,730,서울특별시,마포구,중동,성산제2동
11470,10200,520,서울특별시,양천구,목동,목2동
11440,12700,740,서울특별시,마포구,상암동,상암동
11170,10100,510,서울특별시,용산구,후암동,후암동
11170,10200,520,서울특별시,용산구,용산동2가,용산2가동
11170,10400,530,서울특별시,용산구,갈월동,남영동
11170,10700,530,서울특별시,용산구,동자동,남영동
11170,10800,540,서울특별시,용산구,서계동,청파제1동
11170,11000,550,서울특별시,용산구,청파동2가,청파제2동
11170,11400,570,서울특별시,용산구,신창동,원효로제2동
11170,11500,570,서울특별시,용산구,산천동,원효로제2동
11170,11700,570,서울특별시,용산구,원효로3가,원효로제2동
11170,12000,590,서울특별시,용산구,도원동,용문동
11170,11800,570,서울특별시,용산구,원효로4가,원효로제2동
11170,12600,610,서울특별시,용산구,용산동3가,한강로제2동
11170,12700,610,서울특별시,용산구,용산동5가,한강로제2동
11170,12900,630,서울특별시,용산구,이촌동,이촌제1동
11170,13000,660,서울특별시,용산구,이태원동,이태원제2동
11170,13100,670,서울특별시,용산구,한남동,한남제1동
11170,13200,690,서울특별시,용산구,동빙고동,서빙고동
11170,13600,700,서울특별시,용산구,보광동,보광동
11140,11300,520,서울특별시,중구,북창동,소공동
11140,11600,520,서울특별시,중구,남대문로3가,소공동
11140,11700,520,서울특별시,중구,남대문로4가,소공동
11140,11900,520,서울특별시,중구,봉래동1가,소공동
11140,17000,520,서울특별시,중구,충정로1가,소공동
11590,10100,510,서울특별시,동작구,노량진동,노량진제1동
11110,17900,580,서울특별시,종로구,홍파동,교남동
11710,11400,540,서울특별시,송파구,마천동,마천제1동
11110,17700,580,서울특별시,종로구,평동,교남동
11140,16600,520,서울특별시,중구,서소문동,소공동
11170,12100,590,서울특별시,용산구,용문동,용문동
11110,14600,600,서울특별시,종로구,가회동,가회동
11710,11400,550,서울특별시,송파구,마천동,마천제2동
11110,18100,580,서울특별시,종로구,행촌동,교남동
11320,10600,690,서울특별시,도봉구,방학동,방학제1동
11110,14800,600,서울특별시,종로구,계동,가회동
11110,14900,600,서울특별시,종로구,원서동,가회동
11110,18000,580,서울특별시,종로구,교북동,교남동
11650,10600,580,서울특별시,서초구,잠원동,반포제3동
11380,10500,560,서울특별시,은평구,구산동,구산동
11380,10600,570,서울특별시,은평구,대조동,대조동
11380,10700,580,서울특별시,은평구,응암동,응암제1동
11350,10500,670,서울특별시,노원구,상계동,상계제5동
11350,10500,650,서울특별시,노원구,상계동,상계제3동
11260,10100,530,서울특별시,중랑구,면목동,면목제3동
11350,10500,640,서울특별시,노원구,상계동,상계제2동
11710,10200,690,서울특별시,송파구,신천동,잠실제4동
11260,10200,580,서울특별시,중랑구,상봉동,상봉제1동
11260,10300,600,서울특별시,중랑구,중화동,중화제1동
11650,10100,590,서울특별시,서초구,방배동,방배본동
11740,10300,520,서울특별시,강동구,상일동,상일동
11710,10100,700,서울특별시,송파구,잠실동,잠실제5동
11110,18700,570,서울특별시,종로구,무악동,무악동
11470,10300,600,서울특별시,양천구,신월동,신월5동
11500,10100,510,서울특별시,강서구,염창동,염창동
11500,10200,530,서울특별시,강서구,등촌동,등촌제2동
11500,10300,590,서울특별시,강서구,화곡동,화곡본동
11500,10300,570,서울특별시,강서구,화곡동,화곡제4동
11500,11100,620,서울특별시,강서구,과해동,공항동
11200,10700,560,서울특별시,성동구,행당동,행당제1동
11710,10200,710,서울특별시,송파구,신천동,잠실제6동
11740,10700,580,서울특별시,강동구,암사동,암사제2동
11740,10900,620,서울특별시,강동구,천호동,천호제3동
11740,10800,650,서울특별시,강동구,성내동,성내제2동
11740,10600,690,서울특별시,강동구,둔촌동,둔촌제1동
11380,10700,600,서울특별시,은평구,응암동,응암제3동
11740,10900,630,서울특별시,강동구,천호동,천호제4동
11740,10100,501,서울특별시,강동구,명일동,명일동
11740,10200,502,서울특별시,강동구,고덕동,고덕동
11740,10300,510,서울특별시,강동구,상일동,하일동
11740,10400,510,서울특별시,강동구,하일동,하일동
11740,300,610,서울특별시,강동구,풍납동,천호제2동
11740,10500,670,서울특별시,강동구,길동,길제1동
11740,10800,670,서울특별시,강동구,성내동,길제1동
11740,10500,680,서울특별시,강동구,길동,길제2동
11740,10500,700,서울특별시,강동구,길동,둔촌제2동
11710,10100,680,서울특별시,송파구,잠실동,잠실제3동
11740,10700,590,서울특별시,강동구,암사동,암사제3동
11740,10900,600,서울특별시,강동구,천호동,천호제1동
11740,10800,660,서울특별시,강동구,성내동,성내제3동
11740,10900,610,서울특별시,강동구,천호동,천호제2동
11740,10700,570,서울특별시,강동구,암사동,암사제1동
11740,10100,540,서울특별시,강동구,명일동,명일제2동
11680,11000,510,서울특별시,강남구,압구정동,신사동
11500,10300,540,서울특별시,강서구,화곡동,화곡제1동
11230,10500,600,서울특별시,동대문구,답십리동,답십리제1동
11380,10700,590,서울특별시,은평구,응암동,응암제2동
11500,10300,550,서울특별시,강서구,화곡동,화곡제2동
11500,10300,560,서울특별시,강서구,화곡동,화곡제3동
11470,10300,560,서울특별시,양천구,신월동,신월1동
11470,10100,630,서울특별시,양천구,신정동,신정2동
11470,10100,640,서울특별시,양천구,신정동,신정3동
11470,10100,650,서울특별시,양천구,신정동,신정4동
11470,10300,570,서울특별시,양천구,신월동,신월2동
11470,10300,580,서울특별시,양천구,신월동,신월3동
11470,10100,620,서울특별시,양천구,신정동,신정1동
11470,10300,590,서울특별시,양천구,신월동,신월4동
11380,10100,650,서울특별시,은평구,수색동,수색동
11230,10500,610,서울특별시,동대문구,답십리동,답십리제2동
11230,11000,750,서울특별시,동대문구,이문동,이문제2동
11260,10100,510,서울특별시,중랑구,면목동,면목제1동
11260,10100,520,서울특별시,중랑구,면목동,면목제2동
11350,10500,660,서울특별시,노원구,상계동,상계제4동
11680,10700,510,서울특별시,강남구,신사동,신사동
11260,10500,640,서울특별시,중랑구,망우동,망우제1동
11110,14700,600,서울특별시,종로구,재동,가회동
11320,10600,700,서울특별시,도봉구,방학동,방학제2동
11140,16200,650,서울특별시,중구,신당동,신당제5동
11140,16700,520,서울특별시,중구,정동,소공동
11110,17800,580,서울특별시,종로구,송월동,교남동
11140,16800,520,서울특별시,중구,순화동,소공동
11140,16900,520,서울특별시,중구,의주로1가,소공동
11170,12200,600,서울특별시,용산구,문배동,한강로제1동
11170,13300,690,서울특별시,용산구,서빙고동,서빙고동
11140,11400,520,서울특별시,중구,태평로2가,소공동
11140,11500,520,서울특별시,중구,남대문로2가,소공동
11170,13400,690,서울특별시,용산구,주성동,서빙고동
11140,11100,520,서울특별시,중구,소공동,소공동
11170,13500,690,서울특별시,용산구,용산동6가,서빙고동
11170,12300,600,서울특별시,용산구,신계동,한강로제1동
11170,12900,640,서울특별시,용산구,이촌동,이촌제2동
11170,13100,680,서울특별시,용산구,한남동,한남제2동
11170,13000,650,서울특별시,용산구,이태원동,이태원제1동
11170,12400,600,서울특별시,용산구,한강로1가,한강로제1동
11170,12800,620,서울특별시,용산구,한강로3가,한강로제3동
11170,12500,610,서울특별시,용산구,한강로2가,한강로제2동
11140,17200,680,서울특별시,중구,의주로2가,중림동
11170,11100,550,서울특별시,용산구,청파동3가,청파제2동
11170,11900,580,서울특별시,용산구,효창동,효창동
11170,11200,560,서울특별시,용산구,원효로1가,원효로제1동
11170,11600,570,서울특별시,용산구,청암동,원효로제2동
11170,11300,560,서울특별시,용산구,원효로2가,원효로제1동
11140,17300,680,서울특별시,중구,만리동1가,중림동
11170,10500,530,서울특별시,용산구,남영동,남영동
11170,10900,540,서울특별시,용산구,청파동1가,청파제1동
11170,10600,530,서울특별시,용산구,용산동1가,남영동
11140,17400,680,서울특별시,중구,만리동2가,중림동
11170,10300,520,서울특별시,용산구,용산동4가,용산2가동
11140,17100,680,서울특별시,중구,중림동,중림동
11140,16500,670,서울특별시,중구,황학동,황학동
11710,11200,570,서울특별시,송파구,오금동,오금동
11260,10500,660,서울특별시,중랑구,망우동,망우제3동
11680,11100,700,서울특별시,강남구,세곡동,세곡동
11440,11200,630,서울특별시,마포구,현석동,신수동
11470,10200,510,서울특별시,양천구,목동,목1동
11440,11300,630,서울특별시,마포구,구수동,신수동
11440,12500,730,서울특별시,마포구,성산동,성산제2동
11440,11700,630,서울특별시,마포구,신정동,신수동
11440,10800,600,서울특별시,마포구,대흥동,대흥동
11440,10800,630,서울특별시,마포구,대흥동,신수동
11440,11000,600,서울특별시,마포구,노고산동,대흥동
11440,10400,590,서울특별시,마포구,도화동,용강동
11440,10800,590,서울특별시,마포구,대흥동,용강동
11440,10500,590,서울특별시,마포구,용강동,용강동
11410,11900,710,서울특별시,서대문구,북가좌동,북가좌제1동
11440,10200,560,서울특별시,마포구,공덕동,신공덕동
11410,11900,720,서울특별시,서대문구,북가좌동,북가좌제2동
11440,10200,540,서울특별시,마포구,공덕동,공덕제1동
11410,11100,620,서울특별시,서대문구,홍제동,홍제제1동
11410,11100,640,서울특별시,서대문구,홍제동,홍제제3동
11710,10100,660,서울특별시,송파구,잠실동,잠실제1동
11260,10400,630,서울특별시,중랑구,묵동,묵제2동
11710,10100,650,서울특별시,송파구,잠실동,잠실본동
11110,17500,710,서울특별시,종로구,숭인동,숭인제2동
11590,10100,520,서울특별시,동작구,노량진동,노량진제2동
11110,17100,650,서울특별시,종로구,명륜2가,혜화동
11110,17200,650,서울특별시,종로구,명륜4가,혜화동
11110,17300,660,서울특별시,종로구,명륜3가,명륜3가동
11110,16500,640,서울특별시,종로구,이화동,이화동
11110,16000,630,서울특별시,종로구,연지동,종로5.6가동
11740,10800,640,서울특별시,강동구,성내동,성내제1동
11680,11300,700,서울특별시,강남구,율현동,세곡동
11650,10700,560,서울특별시,서초구,반포동,반포제1동
11590,10200,540,서울특별시,동작구,상도동,상도제2동
11590,10200,530,서울특별시,동작구,상도동,상도제1동
11680,10300,680,서울특별시,강남구,개포동,개포제3동
11680,11400,680,서울특별시,강남구,일원동,개포제3동
11680,11400,710,서울특별시,강남구,일원동,일원동
11680,11500,710,서울특별시,강남구,수서동,일원동
11680,0,715,서울특별시,강남구,강남구,일원동분소
11710,10400,501,서울특별시,송파구,송파동,송파동
11710,11300,530,서울특별시,송파구,거여동,거여동
11710,11100,560,서울특별시,송파구,방이동,방이동
11710,0,565,서울특별시,송파구,송파구,방이동분소
11710,10600,600,서울특별시,송파구,삼전동,석촌동
11710,10700,630,서울특별시,송파구,가락동,가락동
11710,0,635,서울특별시,송파구,송파구,가락본동분소
11710,10700,640,서울특별시,송파구,가락동,문정동
11710,10800,640,서울특별시,송파구,문정동,문정동
11710,10900,640,서울특별시,송파구,장지동,문정동
11710,11000,640,서울특별시,송파구,이동,문정동
11710,11200,640,서울특별시,송파구,오금동,문정동
11710,11300,640,서울특별시,송파구,거여동,문정동
11710,0,655,서울특별시,송파구,송파구,잠실본동분소
11200,10600,550,서울특별시,성동구,사근동,사근동
11680,10300,660,서울특별시,강남구,개포동,개포제1동
11440,12400,710,서울특별시,마포구,연남동,연남동
11110,11900,530,서울특별시,종로구,세종로,사직동
11320,10500,680,서울특별시,도봉구,쌍문동,쌍문제3동
11320,10500,660,서울특별시,도봉구,쌍문동,쌍문제1동
11110,13900,540,서울특별시,종로구,팔판동,삼청동
11680,10500,580,서울특별시,강남구,삼성동,삼성제1동
11680,10500,590,서울특별시,강남구,삼성동,삼성제2동
11650,10600,540,서울특별시,서초구,잠원동,잠원동
11110,18500,550,서울특별시,종로구,홍지동,부암동
11110,14000,540,서울특별시,종로구,삼청동,삼청동
11110,18200,560,서울특별시,종로구,구기동,평창동
11230,10900,720,서울특별시,동대문구,휘경동,휘경제1동
11200,10200,520,서울특별시,성동구,하왕십리동,왕십리제2동
11230,10600,660,서울특별시,동대문구,장안동,장안제2동
11230,10800,710,서울특별시,동대문구,회기동,회기동
11110,14100,540,서울특별시,종로구,안국동,삼청동
11110,14200,540,서울특별시,종로구,소격동,삼청동
11110,14400,540,서울특별시,종로구,사간동,삼청동
11110,14500,540,서울특별시,종로구,송현동,삼청동
11110,18400,550,서울특별시,종로구,부암동,부암동
11230,11000,740,서울특별시,동대문구,이문동,이문제1동
11440,12100,670,서울특별시,마포구,동교동,동교동
11440,12200,680,서울특별시,마포구,합정동,합정동
